,0,1
0,0.49031291742544936,-0.0055755669023539265
1,0.5790516136612237,0.06587868045748668
2,0.5202657085643853,-0.08767266217271741
3,0.5016794683604275,-0.04980892472070673
4,0.5101492883939671,-0.03904750612762981
5,0.5270684893334553,-0.030124679110321594
6,0.5143428722243276,-0.04323101851119799
7,0.4300450281228396,0.04276762540117462
8,0.5734556970323699,0.05089974549089701
9,0.45068921866325257,0.04353979938564871
10,0.4817425197659445,0.018642279148827087
11,0.499997716743328,0.06300206824660931
12,0.424516422736306,0.0916090199636021
13,0.6119535291151661,0.13098179894186002
14,0.5017495929229477,0.03798121242715612
15,0.4705776374058254,0.17887321658974425
16,0.4931868060500411,0.08240147495555238
17,0.46910166979350093,0.0971465457636851
18,0.4107562117370556,0.08880214396620442
19,0.4206672951790964,0.01641974195032965
20,0.5239262994243434,0.1385237960204706
21,0.48216751258940616,0.12403774987380643
22,0.4391460690407302,0.07182946974404404
23,0.4984950898251917,0.08114253666700003
24,0.4698249283984859,0.1668601861331946
25,0.521720725661129,0.15936390430191907
26,0.4546791262978116,0.1820550943400399
27,0.555456753713254,0.19738492392006313
28,0.46794574678686884,0.15521245584675833
29,0.4557350223322542,0.20971014017462525
30,0.3833952250981334,0.06260285591166527
31,0.40993379249091855,0.13494629905009267
32,0.4178590005825451,0.21847533081680753
33,0.5343946334848046,0.16011180589519985
34,0.4775801851309041,0.18323092308329791
35,0.46455055551619007,0.1781309051884002
36,0.38540190908982486,0.23676600262927194
37,0.4636828628450535,0.24375293490874536
38,0.4554451450446733,0.3205654038999588
39,0.482826901656071,0.24056743462591196
40,0.44970894446223064,0.22923411250725167
41,0.47252981563298696,0.2493519782604349
42,0.4924810328666511,0.3136559576576854
43,0.42785269531770487,0.26661318724375815
44,0.4871749692035279,0.27383858334668587
45,0.3787576395489083,0.2510162922546971
46,0.3770323440568525,0.23034168790921647
47,0.3028482851468319,0.2917984834840492
48,0.41297325281845093,0.2547591287794604
49,0.4789240153231596,0.30610023276564463
50,0.4234974290998007,0.30830601213796754
51,0.40740148184586206,0.3144447663526578
52,0.38762491059449045,0.22518015063530397
53,0.40300821950862564,0.31958657629946136
54,0.43606142411838744,0.3092899518112989
55,0.42640294232689013,0.33060428696181554
56,0.39934921698497544,0.2397779391064515
57,0.38137630408745493,0.3791205234751116
58,0.3524650587013485,0.29282590223750204
59,0.38114495528671605,0.3405953323749288
60,0.3464041579973288,0.3025454274856307
61,0.40555470221115275,0.3656653157118123
62,0.34949872952552613,0.42805365751056335
63,0.36621800722507486,0.2771073252536546
64,0.3087785486060175,0.3446544553601095
65,0.2998578573237102,0.2956679962496321
66,0.22638502188613457,0.4291552148952983
67,0.33340863252444614,0.37657392488360125
68,0.3802038385326003,0.38553938930428183
69,0.29516033536836883,0.3692084635088775
70,0.2892340233637755,0.4400778096154148
71,0.2875917747560081,0.40961844906466677
72,0.3119246774208044,0.3817634446051303
73,0.40669306951463685,0.4163441554269083
74,0.3782640420143279,0.3782721323920253
75,0.2806121694248753,0.3339605462611579
76,0.2722789291869533,0.5036102388950456
77,0.3174108667717159,0.44342880361967224
78,0.2041797719520384,0.4016842802283597
79,0.24796019236267763,0.44120600769979046
80,0.2983076940780675,0.4091326211441932
81,0.20151519657372421,0.5206896137170388
82,0.23994984567117653,0.42824520374585023
83,0.2655918659888627,0.46492456264337517
84,0.21092670603527836,0.45714018647547744
85,0.10297198675559799,0.44633202507060477
86,0.2694972573843379,0.4041838890420553
87,0.2562933059802427,0.47625687787407983
88,0.22076683688254392,0.4624254539089927
89,0.15757688921117177,0.45712047233551173
90,0.17336679503296637,0.4920473283432636
91,0.18399617094036017,0.5411873405901183
92,0.18705821919566967,0.5375701558480551
93,0.2119829899314854,0.4961568993758528
94,0.25201667875407713,0.489620196638981
95,0.2045914871530887,0.5046359444881302
96,0.26892649785642736,0.3803280149130083
97,0.1346066972397988,0.5236430328249485
98,0.15780975800956207,0.500981095717314
99,0.1035355183750799,0.5364011513215257
100,0.06983533522628665,0.4072013086447433
101,0.1704910477305101,0.5344185790665392
102,0.11768682455990506,0.5583765101569234
103,0.12429483917997221,0.44054366263182554
104,0.12801730723022567,0.47568421847106185
105,0.05609246377213256,0.4336467013625699
106,0.16531631003899047,0.5120919670404726
107,0.09316454728904588,0.5195684492365688
108,0.16709002179146487,0.38504516836121105
109,0.13537658955617043,0.5039097982492907
110,0.11041842115530788,0.4703459328449779
111,0.06516196480169245,0.42147866115977367
112,0.10946563463547254,0.47608416015838695
113,0.03303870474002333,0.5541181326254434
114,0.028609248798278128,0.5895123977092571
115,0.06116269161752878,0.5329875218462381
116,0.0844413679289589,0.39821531233710106
117,-0.021504350013473554,0.4748877860593514
118,0.09599289398232311,0.4812744103490312
119,0.0014741333427523012,0.5507746467770012
120,0.05399470460957495,0.4979695582891094
121,0.058174645790953605,0.4561323384524875
122,-0.008786472332061843,0.4527090969090051
123,0.031100782558077536,0.4047783296390697
124,-0.02727134570501931,0.5229629419495577
125,-0.04700883662179954,0.46129737292281
126,0.04518736032418371,0.6642910572109213
127,-0.05715747551947377,0.4412059030092204
128,-0.13854253608492026,0.4182410083275706
129,-0.07789537113357284,0.49685835775670933
130,-0.058211517738717015,0.5522138334096376
131,0.0369472406808052,0.468660940676287
132,-0.0699368743226509,0.5412874540986375
133,-0.1053442173513851,0.429850139172973
134,-0.004274804743888055,0.4670456334634094
135,-0.07745717407036484,0.44122659390345437
136,-0.13171328763375365,0.5075813407788957
137,0.011313571612534712,0.510914384219383
138,-0.14855084623166223,0.5972897600098415
139,-0.13688154332881425,0.5444430694948863
140,-0.07161990617335552,0.48531124382769564
141,-0.09166457403508857,0.5339394704017131
142,-0.009680736780392732,0.5355854892151132
143,-0.152843369031947,0.5067427617392908
144,-0.09224455567886174,0.4528280334119409
145,-0.22594862547850564,0.5281215032933247
146,-0.15671283751629211,0.41372007451741255
147,-0.09982013654907704,0.4850419044677017
148,-0.11116128916112575,0.46609830278781866
149,-0.20289620650220444,0.35273347048691495
150,-0.192187156761947,0.47107843921552983
151,-0.18485698142010493,0.5376578582737533
152,-0.09627306689736825,0.5009830316526246
153,-0.18049542370403338,0.4687354216134974
154,-0.23492658258410493,0.45777976126307546
155,-0.22272866814438652,0.513480461596569
156,-0.22986617355124417,0.4810045920660854
157,-0.17003556729883626,0.48761257476902214
158,-0.18412013945968883,0.4390756009633466
159,-0.16410527269376946,0.3972823803646217
160,-0.19922842398416707,0.3635066431853762
161,-0.22781803833412856,0.4543773264176007
162,-0.2836322262560461,0.5092933720841808
163,-0.2586200847894007,0.4474758389277635
164,-0.265768858606362,0.4452181204309036
165,-0.22814981645681678,0.4280210366220171
166,-0.19929809241071778,0.4678761162520945
167,-0.2928699599887727,0.4202801705741559
168,-0.20074812556612773,0.45583579355166565
169,-0.30788966786343963,0.32511153418159194
170,-0.24630628874535254,0.5261166605372544
171,-0.29631020568426913,0.41551026735793933
172,-0.2650284255199221,0.3717531416105321
173,-0.28667148316654145,0.38242987971798725
174,-0.26500710659594184,0.43014997192260457
175,-0.25047531613476265,0.4506693697096075
176,-0.3066613425271229,0.406254663039095
177,-0.2883571787554148,0.3527535165457962
178,-0.35915284097830563,0.4963962122154126
179,-0.3753541899088505,0.43488839013102665
180,-0.366947142248635,0.3673611642057621
181,-0.3262891926365078,0.39118177257052195
182,-0.44689156811750097,0.3291084105394086
183,-0.3718614576996579,0.43476030920403563
184,-0.2538872543335621,0.4800150745153127
185,-0.36277074923963304,0.3313906978495117
186,-0.3166516582356032,0.42059054748444874
187,-0.4142702166926038,0.3429126782635081
188,-0.36152055723189275,0.2858654525375942
189,-0.40625244555211226,0.3337607182845883
190,-0.3646330681385532,0.39979772590558527
191,-0.38822960303292553,0.34521841337975306
192,-0.36493097918448725,0.34650494266914805
193,-0.30458789668962016,0.3218132511624327
194,-0.3748503636426884,0.29871901333024375
195,-0.33864233551408385,0.37826264558351363
196,-0.3291543362277517,0.2200689090511599
197,-0.3777433358868262,0.4186928002277948
198,-0.43305370914331287,0.3676685170850365
199,-0.45363859207384877,0.3094210488863678
200,-0.40989599496733187,0.36880478072594036
201,-0.37865413766082767,0.22270072907869373
202,-0.4401770835440543,0.33903872510233113
203,-0.43679420543973846,0.2618663273057653
204,-0.4410356039441681,0.2453759525589537
205,-0.5044193595799549,0.2579101594267176
206,-0.40879482786266513,0.36299958345859623
207,-0.4522351603334451,0.2969304542656262
208,-0.3872131234766055,0.28480258164266575
209,-0.5283192428152019,0.2630491133301015
210,-0.47476433433830234,0.34733607956159773
211,-0.4836905675613814,0.2924656443601158
212,-0.4892800700979637,0.23271922660850153
213,-0.46971426599575844,0.19462491629399234
214,-0.4990183615458254,0.20717776849497246
215,-0.444198901592044,0.26576689042568696
216,-0.5155954524965074,0.24799866033297777
217,-0.44188819546109026,0.2514340375707619
218,-0.4031723140629526,0.19819280423455385
219,-0.4535676746381374,0.19860340977469956
220,-0.40497830177472577,0.11957272993700258
221,-0.4565554506199041,0.183941719573336
222,-0.4711303857408755,0.14116206757301247
223,-0.5097679075467253,0.257647310035941
224,-0.6033319694999657,0.1377492730241562
225,-0.4423379094064841,0.07634645644167153
226,-0.4840983954194711,0.1591836953368496
227,-0.44275819354025825,0.11460174827685135
228,-0.45076167755386914,0.1703359984843128
229,-0.48159343148058475,0.11429224499013874
230,-0.5454752519910838,0.16019006697347493
231,-0.43709635005578,0.16638146827814188
232,-0.48170699356942775,0.05559260285455311
233,-0.5065152568742443,0.08300621402560143
234,-0.4477861351577255,0.11709313845021818
235,-0.5227392477636096,0.03054044844832693
236,-0.50560981827057,0.044946943408317855
237,-0.5259973827698771,0.09555083343117665
238,-0.48080716606542384,-0.03603015114765398
239,-0.4947335636872101,0.047446728668702615
240,-0.48274622315869314,0.09511493265682176
241,-0.40017839119242826,-0.06700575604774532
242,-0.44101336146280357,0.051350614601460814
243,-0.5309541060291548,0.12816082548066773
244,-0.4949765037096537,0.03282305851664741
245,-0.4609293958662163,0.025487347270799373
246,-0.460505448257336,-0.02779391867534816
247,-0.48163084554705726,0.015139248866293802
248,-0.5350696608756726,0.03595981979277704
249,-0.5260048799887352,-0.0027259258784648093
250,-0.4628068097963524,0.005561068772097085
251,-0.4396691562195188,0.006243526119084786
252,-0.4918460918464369,0.022134025088533973
253,-0.5609247454695834,-0.004639424681230835
254,-0.48129613502074586,-0.060003558414460686
255,-0.5308066334003774,-0.09678932397537127
256,-0.46951617818909563,-0.07139638755987349
257,-0.4909366161853066,-0.039766942102509126
258,-0.47593970285499704,-0.09245830317603874
259,-0.4816017218154202,-0.1062244487928726
260,-0.46770157250083344,-0.05965283947393063
261,-0.46757703000558654,-0.15928285696389305
262,-0.4811261739802218,-0.0594886974221745
263,-0.5172014472438176,-0.06650919719046636
264,-0.5121710625814746,-0.05758787719863682
265,-0.4941965873862385,-0.11818179077775515
266,-0.4655959755211663,-0.05497366497772202
267,-0.45554296199155847,-0.062268797333894704
268,-0.4178515414080904,-0.06580507142963496
269,-0.49407299839739816,-0.213598136352666
270,-0.5141621568579176,-0.13757029651252106
271,-0.4338055202395542,-0.13552351276044
272,-0.535969050679817,-0.13530107871363517
273,-0.5287205040357958,-0.040670014447783065
274,-0.4584760912121922,-0.12939513599689484
275,-0.4967224575111191,-0.09996262206142567
276,-0.4828562034661167,-0.16166412637143526
277,-0.5377227833431412,-0.09551970309855806
278,-0.46757858869881996,-0.18531387087000498
279,-0.377860011946859,-0.19141361749498395
280,-0.41121294401525366,-0.12623551208506711
281,-0.48726434253359,-0.24889935962842857
282,-0.6332941442737181,-0.33276619607979174
283,-0.494515274494835,-0.17468298444471791
284,-0.43624662950265813,-0.2248546786851399
285,-0.4909746071641764,-0.23720402463856693
286,-0.5269265519532093,-0.2844055414758143
287,-0.5052836094146895,-0.19563062144257537
288,-0.44880719204537267,-0.25399004171650374
289,-0.4944653276607895,-0.21235010406547905
290,-0.46251650164186187,-0.18445885276049984
291,-0.4678082272680723,-0.3074003282006668
292,-0.42174703504319494,-0.2981923297240358
293,-0.3934678212622921,-0.25424840054472087
294,-0.4359356716587472,-0.18837897170639437
295,-0.30524662353912224,-0.2805020954876412
296,-0.35770362148829987,-0.3329016004336375
297,-0.39467602084848524,-0.29001755309729743
298,-0.4085199261878055,-0.36615585799223155
299,-0.3525923482014426,-0.23985802565617706
300,-0.37299490889676085,-0.3100728983428963
301,-0.40996682862964023,-0.2942451722127414
302,-0.4600603927242739,-0.3517372898705565
303,-0.3453234026693217,-0.3024613703414619
304,-0.3837119618078783,-0.3263850540693905
305,-0.35750396468768436,-0.33771908152539737
306,-0.29830779014343445,-0.38262101888539546
307,-0.38344725466154866,-0.33574569708724855
308,-0.3892620104320708,-0.34235958400068256
309,-0.44927613839515507,-0.4224503172872181
310,-0.44887312259913315,-0.3390495496225433
311,-0.42710779442018065,-0.3072844315652469
312,-0.4357071831933688,-0.30524076170257713
313,-0.3685956501372971,-0.4242149093708005
314,-0.3756228376856673,-0.3592949769987894
315,-0.3114432582586346,-0.42121691242500264
316,-0.282002105389527,-0.3804501871673973
317,-0.26781404993368413,-0.45436224770433065
318,-0.29750492833686026,-0.4628136863676693
319,-0.28502594965978406,-0.4029546232277132
320,-0.3339826739690768,-0.3953556807308576
321,-0.32164129348213993,-0.3155266656017175
322,-0.22398151222380708,-0.34566092749862537
323,-0.23761006644905175,-0.376330625639909
324,-0.24474885163037852,-0.40090176728768573
325,-0.2315202631708665,-0.3983761637144116
326,-0.33137475716179793,-0.38826248739238184
327,-0.2974101983788516,-0.3425944803032624
328,-0.31529236981400915,-0.43929679439692926
329,-0.3116996590316078,-0.48505113854069987
330,-0.23965259522024795,-0.3535607103660181
331,-0.3320196999178006,-0.4461157658574126
332,-0.22096991728559467,-0.38442625273176184
333,-0.27225528482039785,-0.42450772881225785
334,-0.20781804664275527,-0.461619980206698
335,-0.22787165153664937,-0.44574716182189417
336,-0.3276968926279182,-0.5006059512701844
337,-0.23593874319542668,-0.4512626761498632
338,-0.2641710733197436,-0.43478359405201494
339,-0.2513171055224561,-0.520094730092699
340,-0.14345083901565603,-0.33268145732674687
341,-0.1788060326232842,-0.4264330749484457
342,-0.2523117648049065,-0.4232686025539106
343,-0.24377781919920394,-0.3216364160525619
344,-0.11153705492953098,-0.4962860347839636
345,-0.15549826155565266,-0.4344678293631958
346,-0.18300800508974344,-0.40787537607702196
347,-0.06416338850477829,-0.43051158070399775
348,-0.14073220482211002,-0.4381541005446482
349,-0.09248674643278225,-0.4792868518224201
350,-0.02784713223478666,-0.39770462266466206
351,-0.194129734877136,-0.43983099838107365
352,-0.13222932510769916,-0.4815760756885416
353,-0.14825621470186096,-0.40116529509321663
354,-0.1021649354276096,-0.47850214779907235
355,-0.17194478443635325,-0.5445700167154891
356,-0.1687686321605509,-0.40349887424631825
357,-0.04453976519787885,-0.46327075956619684
358,-0.16306127538706605,-0.5279532287910507
359,-0.04303180373840231,-0.4828739157296171
360,-0.08565292335222027,-0.4911377653082875
361,-0.08592814347555258,-0.4604124458703707
362,-0.13344372835186485,-0.5572127078584133
363,-0.1367831238437925,-0.5361427486465637
364,-0.09301222199575429,-0.47109018006462644
365,-0.05085893715933032,-0.4762326342697116
366,-0.018574305765273892,-0.48228735833178477
367,-0.02418447257360159,-0.49336095015709636
368,-0.08642055111604538,-0.5087420646537515
369,-0.006118507282629838,-0.6103599444358758
370,-0.05075319305189596,-0.4260589111658491
371,-0.08787753671909862,-0.46355287139952306
372,0.014116971700157993,-0.5037316517557664
373,-0.10367448544619336,-0.5471735879033338
374,-0.07947713551093498,-0.4387154718638394
375,-0.05208986479615549,-0.49787739395838115
376,0.0644889082698863,-0.41682283714384777
377,0.1309269304951466,-0.48715552047764543
378,-0.02213397250723772,-0.47917253764126855
379,0.03879423738853474,-0.5731376676186768
380,0.03388991299951799,-0.4441132192132168
381,0.14601736942405136,-0.5471922192629146
382,0.10895491400749938,-0.5805391605867233
383,0.09162323307587131,-0.47545577113288323
384,0.15618835583443896,-0.46461829995019877
385,0.04237973660549968,-0.41740186565089343
386,0.041832624065795396,-0.4024320989432628
387,0.06248343154468247,-0.46101448137960394
388,0.03925191428936568,-0.49794337457113524
389,0.13598585310908415,-0.44299050572513055
390,0.0054268359454550524,-0.489825107336261
391,0.13640948923886448,-0.4751584206481161
392,0.16345980760013765,-0.5168974713934349
393,0.18978310794851905,-0.5104675452876601
394,0.14103460435893256,-0.4989197622078105
395,0.22761262447631758,-0.5321121871878066
396,0.14774599687937434,-0.37114372430227616
397,0.09681743381813335,-0.5744372323710378
398,0.16794050769734284,-0.5264788720530846
399,0.0779775699463356,-0.46332573102355323
400,0.23690483857624714,-0.5000503333311251
401,0.23826491891446056,-0.531710066055531
402,0.19043792931148024,-0.45711868448332166
403,0.20332251426589215,-0.47537011453597483
404,0.17082083246454766,-0.4700139249710786
405,0.22367234891984136,-0.5082036293189229
406,0.17857898253292825,-0.4476038479486027
407,0.22314391946606482,-0.48597905243005984
408,0.23406124839692372,-0.4209399349872071
409,0.21587017873599817,-0.4509198208026055
410,0.20530994096748256,-0.4529004400879427
411,0.2770206381199043,-0.42042962604056333
412,0.27610672724267993,-0.4090475151534291
413,0.14928203300578008,-0.3979115075227163
414,0.1939326171279943,-0.4613314227268069
415,0.2870939727003845,-0.36024757711287375
416,0.22313397041007366,-0.4721506687235067
417,0.22953068656021036,-0.41212811151682127
418,0.3415391090312897,-0.3605042076590833
419,0.28451104706639485,-0.39942285793817767
420,0.28147251412207347,-0.43377508966515516
421,0.2393547588267359,-0.4729128739402097
422,0.2631330414662619,-0.4371222134904537
423,0.2813452313963581,-0.47654651935189357
424,0.1511865079956072,-0.25713731213877644
425,0.35388203544330255,-0.41065777549288607
426,0.3444921605365304,-0.3919949792200479
427,0.3022039085097006,-0.4573472081873192
428,0.26777544318376834,-0.3828852143202748
429,0.2606631386618962,-0.3817020916049419
430,0.43291334823022143,-0.4504538856204619
431,0.3370953132873379,-0.38879775331604605
432,0.34301224584846135,-0.41963636236600177
433,0.3246863740114969,-0.3859937665034713
434,0.35477049740027466,-0.284787130346287
435,0.3241681932424529,-0.3365634935008326
436,0.3952667555594115,-0.40933370259900215
437,0.3311233272698495,-0.4201293613168375
438,0.4354176298606367,-0.32977200271191937
439,0.3134169018538786,-0.3621178794484941
440,0.31378949952877544,-0.35079437296520444
441,0.43668362875341704,-0.2886130882937668
442,0.32658401040452234,-0.3086132723909034
443,0.33543395398750236,-0.336735458773895
444,0.3742477525858465,-0.3259020506110083
445,0.43764756305334196,-0.34693492013244637
446,0.4594687588037593,-0.33505607240443874
447,0.4272757269543124,-0.3695081660614909
448,0.38854013646424723,-0.3413355199532847
449,0.4457879674064622,-0.20968340446994865
450,0.3763532899347827,-0.3317975875378336
451,0.4377352037371373,-0.3267317474163237
452,0.4002215623489499,-0.3790598855250493
453,0.35045954798626616,-0.33331096038146635
454,0.44986914942206135,-0.3184969795175633
455,0.48781986137043265,-0.24769626325898142
456,0.36354677314994727,-0.2614748763382084
457,0.4314726030186669,-0.2611843586243581
458,0.36933685113056014,-0.3301360570541168
459,0.47263841372220583,-0.2810191233429318
460,0.3736196757718464,-0.25977899922382
461,0.4047040855540781,-0.38156171046520637
462,0.37758805177177834,-0.22773565627838602
463,0.4944743075162274,-0.21913848116695409
464,0.38092977757786833,-0.31465872608929757
465,0.4013102303049599,-0.2337305544699012
466,0.4025131359593147,-0.16001732213938535
467,0.46412443569139794,-0.1595714442990694
468,0.4810458747345433,-0.1713527813450465
469,0.4814237938592762,-0.2367737544012111
470,0.5015623348829881,-0.1655535400442586
471,0.4657675699547381,-0.142753958665016
472,0.458657298967981,-0.1532317069802891
473,0.383258888680912,-0.1331752121344675
474,0.5540824052797921,-0.05682604886955778
475,0.41512192961578664,-0.1264467860751745
476,0.5635768046813256,-0.2077769758546322
477,0.4497133195296111,-0.13032167707822356
478,0.5118953030732941,-0.1894429145804581
479,0.4599490438174413,-0.0902492167808224
480,0.4842960475974076,-0.11073811683939962
481,0.5019151910399197,-0.17107866744495565
482,0.4969548910491665,-0.09778859547786657
483,0.41285152395193125,-0.2036880584285431
484,0.4595879777719646,-0.06797983829256973
485,0.4653449145233265,-0.11579649862433337
486,0.43466484160594965,-0.16335732037797174
487,0.4968873929013003,-0.06940785429152882
488,0.5235873599818877,-0.13382073625174518
489,0.5608171519319767,-0.01713249616440457
490,0.532700433632758,-0.025918242187788133
491,0.533046966922741,-0.06030903868405932
492,0.5167475178759087,-0.031113644602341367
493,0.40841805144995086,-0.10807877924949114
494,0.5222265771293655,-0.034417728561508765
495,0.5218965734532175,-0.013571805223854287
496,0.4754584135322548,-0.05028276614197673
497,0.5634712154493395,-0.05720203698820096
498,0.5563503827233263,0.04817466034631658
499,0.531272408365069,0.03210322211580698
500,0.9747869681280269,0.032142053075963205
501,1.0130022443982232,0.1326872851513752
502,1.064097088503261,0.20962046594390912
503,0.9845011384091754,0.2819923010920047
504,0.9028191062926807,0.5451307481490287
505,0.8725649878492079,0.647472286534472
506,0.6544604817255236,0.5896884442524238
507,0.5306702966240558,0.7679081981560234
508,0.6102908184605597,0.8484944268934719
509,0.3774852495408636,0.828685238044828
510,0.29030108876692484,0.9259347006711195
511,0.1789207511855469,0.9626508126910086
512,-0.10984508434438978,0.9539986432257386
513,-0.09254652400308348,0.9424565142985721
514,-0.10159321250439605,0.9598225980352368
515,-0.35662343032405425,0.9057436986332104
516,-0.5230080523693893,0.8371760647445077
517,-0.5563396221397242,0.8031216748679039
518,-0.6849075722514716,0.7025029118286825
519,-0.7952605568174241,0.7051838472496772
520,-0.7910996013435818,0.4985831467289087
521,-0.8528902340969687,0.2911229384095043
522,-0.9270028350910283,0.2403882623206337
523,-1.0391173688008717,0.2049491917557919
524,-0.9723974448678004,0.049354556185339765
525,-0.9586590204484114,-0.12955573322303682
526,-0.9204037298010045,-0.1780079980995638
527,-1.02352789353028,-0.2897680524493896
528,-0.8994796391629062,-0.4731863125964629
529,-0.8731520509666343,-0.6001648657159295
530,-0.683625972781573,-0.7569934011991566
531,-0.6149286574103903,-0.7979676865216054
532,-0.5300821515020268,-0.8351364737476946
533,-0.39633180577656935,-0.9330762111629607
534,-0.31108681998679233,-0.9116800286239317
535,-0.13258319648487085,-0.9435300425715529
536,-0.1403802484617095,-0.9943365068435761
537,0.051788037706874526,-0.9817995964645881
538,0.22756100216692426,-1.0556396915468371
539,0.30950100231331545,-0.8183976089366012
540,0.4182819758316473,-0.8524530508786582
541,0.5001847136017399,-0.8651166210546597
542,0.6077361996839596,-0.7259858052686982
543,0.744922652888577,-0.6463809501248734
544,0.827940340432182,-0.4980218073198538
545,0.896817847224944,-0.5280419221803064
546,0.8803228193315742,-0.43087156637163787
547,0.8880676306654158,-0.2667289581568426
548,1.0486479054919473,-0.11113943032019516
549,0.9879554970947322,0.047376939996590546
550,-0.7228784857412588,-0.7431422214414712
551,0.4108704579688093,-0.7993951027332825
552,1.0346619153018368,0.30980767178017415
553,-0.9830139124604445,-0.3325933173794484
554,-0.2489090260610142,-0.6102264992459021
555,-0.7457434565554059,0.6313926872574152
556,-0.09771522070112536,0.06034986331740934
557,0.7290012560552888,0.4859874447053253
558,0.9344742663868312,-0.677606800648646
559,0.5660122113504322,0.6839690230602009
560,-0.8542105348799353,0.3944350227440584
561,-1.019944796082757,-0.8189402550787631
562,-0.25520343025709424,0.8750237850624866
563,-0.3383469137661683,0.3179168954184321
564,0.913770027838035,0.4482783181540013
565,0.6079753752730327,0.1624947185195196
566,-0.4920534223171499,0.8927873804937992
567,1.0042737744677563,-0.7385877319624208
568,0.06083756504495914,-0.899528679897942
569,0.9147222487773607,-0.5264703787988706
570,0.14719757021969848,-1.0091144039885922
571,0.12313576799084293,-0.2757157839683387
572,-0.9810813049653044,-0.13478196157152195
573,-0.3798709601262202,-0.8203980170060479
574,0.5542624087947141,-0.873769292265512
575,-0.09258150141415736,-0.583465281538578
576,-0.32230688281922226,-0.211060585535453
577,-0.7143487330467786,-0.1794138009772677
578,-0.9508276075924953,0.6611915299273452
579,0.6117362540642991,-0.7391613361189414
580,-0.656986037393729,0.7669831113177197
581,-0.6561794929681871,-0.6324333084257765
582,-1.0027392818420713,0.12553280996515018
583,0.8555743619254574,0.23487687548439065
584,0.7791510028767147,-0.9406490126506604
585,-0.8449707115833329,0.5992536468203533
586,1.0364274808366571,-0.1918207221011615
587,-0.05485568915546351,0.5793674550429858
588,0.9952601180104368,0.15628966615011308
589,1.0429609499929313,0.5064460524805521
590,-0.32915450984817,-0.9564942622704811
591,-0.026625302026339427,-0.038509730159108434
592,-0.025356033236619148,0.16762174873409472
593,-0.3240827423286555,0.9541396935425706
594,-0.09133508423410766,0.3443787278384506
595,-0.5075564688325178,-0.4065224510063293
596,0.7014037884847283,0.18772211665237223
597,0.4496842683685513,-0.33266221605956287
598,-0.40486083256777633,0.10522785012680375
599,-0.8161240676620071,0.7259643252103688
600,-0.9292127190523412,-0.997695659480957
601,-0.1692461131589112,-0.4290313009978833
602,-0.36419912723924114,0.7747166505499583
603,0.9614960541966504,-0.2324779222416244
604,0.8653400592643028,0.8265268520970239
605,-0.9567706008457703,0.4361428423558444
606,-0.8033029646079519,0.7459924655116185
607,-0.8912066150232245,0.4510274602876504
608,0.950911405094961,-0.6164693031784741
609,-0.10316532924515114,0.20238482773851693
610,-0.3489990152852547,-1.0143295503256016
611,-0.40348121439744716,0.07139502222184423
612,0.8939244767865071,-0.05227214027904258
613,-0.5366106762844893,0.30607111520143304
614,-0.7417673340009092,0.7089291160423574
615,-0.1324425498468386,0.01588936548647344
616,0.580401330771378,-0.7093415636708306
617,0.7220832345330825,-0.247033119746737
618,0.9159487641179535,-0.6951330248343945
619,-0.5445701478482061,-0.2623913311881139
620,-0.9095532284853755,-0.6125099808876396
621,-0.681675511101352,-0.41745347236254593
622,0.8584592216088844,0.15688577851742078
623,-1.034520996099455,0.04221554260398926
624,0.24289944811193506,-0.9926844822331266
625,-0.6958559351137178,-0.38045789615483255
626,0.17245316238324246,0.1451367875698034
627,-0.5073715850252881,0.061554528644576924
628,0.3854961107175442,0.6786450571422059
629,0.5220367664549994,-0.08369300432559354
630,0.3173598369620876,0.7444807027791467
631,0.014366929543918154,-0.4765091022509834
632,0.7872358154275876,0.5843073694386324
633,-0.5765050504726117,-0.7979476197724925
634,-0.08459138060185985,0.5365158716420777
635,-0.5493414586644025,0.4969187512586286
636,-0.7341203520531119,0.4685068364382399
637,0.8567739674849423,-0.49419802353896364
638,-0.8927053664939638,-0.2257774885487994
639,-0.0053366033381838296,0.39927965556726763
640,-0.002591674383119842,-0.4163259716023931
641,0.9048864774146123,0.7660142256082291
642,0.94602006251032,0.30276357749631977
643,0.59853264750064,-0.13846717427173053
644,-0.2477991051848396,0.003947296298704234
645,-0.48314361596743965,-0.7845017065341051
646,0.3620892785793825,0.5030698518350458
647,0.6785504247957281,0.46889003798154016
648,-0.13683242523950853,-0.9080738816860254
649,0.6323537510580286,-0.7921565633688002
650,0.23634947530794903,-0.7087740682385043
651,0.7144143943076857,0.10814743724337032
652,0.8785174151427875,-0.0895506990811645
653,0.8685193689378206,-0.8520319824601797
654,-0.5053290478758936,-0.3531072576783775
655,-0.9793486280035124,-0.5138283140421998
656,-0.627690455045601,0.12253420220980618
657,0.036907002188652116,0.8329506058644083
658,0.7919642396835151,-0.48686889932758476
659,0.4256651659880601,-0.8113697937656065
660,0.8132160991189527,0.8993775344897096
661,0.8501427930078282,0.2714190260438141
662,-0.3321920276590032,-0.4147324399253589
663,0.2795076463596024,-0.07377490100327028
664,0.29784717733213006,0.22966288370902316
665,0.7886212847387762,-0.6461271387065098
666,-1.025560128541104,-0.40138554861348147
667,-0.621076811873105,-0.34286173895948635
668,0.6959234349582261,0.15602898104283874
669,-0.41488563295835357,-0.05361295793566199
670,-0.8537402267584596,-0.7195748248524039
671,-0.6869443189455927,0.9606899712954481
672,-0.30030455126928396,0.26364691250636263
673,0.13087608088960617,0.7921967980477698
674,0.3066516130364995,0.6989885418027095
675,0.6478260757892507,0.7183069673366016
676,0.31057759849862693,0.9209031987483763
677,-0.624256854675995,-0.004707015493483791
678,0.5078155635247662,-0.4192921684773016
679,0.4314256284088849,0.8868525406077704
680,-0.2107694692432259,0.1627385719485504
681,0.43149902119017086,0.09591518650626601
682,-0.30389635398079534,-0.8582959466458713
683,-0.09715830736852507,-0.47377843752920373
684,0.9035856141817612,0.26868224062281265
685,-0.45377315003531454,0.4911906210650861
686,-0.4267184236098649,-0.9620841646832731
687,-0.3444182670253945,0.5249942808693152
688,0.8825626728599058,0.22704618432579454
689,-0.9758598478910625,-0.6065740728476221
690,-0.821068518558066,0.04579814218953059
691,-0.1033923134290857,0.03421120808321629
692,0.770870200343067,0.2931902249347434
693,-0.08784167224918148,-0.8659991009545467
694,0.31613559668298596,-0.0969266340713399
695,0.07239960477725375,-0.6676280496487004
696,0.8756384462085591,-1.0218898427112233
697,-0.8865688837185559,-0.536149351519711
698,0.8470118463050044,0.23275311518649597
699,0.12363057078997264,-0.9166869497089041
700,0.7578735663457011,-0.02202087200689982
701,0.9720332378783706,0.15423956519007653
702,0.5860460734784879,-0.17403419716922008
703,0.3045416794105591,0.8226313261660434
704,0.9282823058191251,0.5522759813827333
705,0.08166197019709831,0.4352494695596933
706,0.9461774756450028,0.34568119141892595
707,0.5286635364677099,-0.9759235978633471
708,-0.8649079169892733,0.7651799096592174
709,-0.10157002219088165,-0.5213157120121434
710,0.7218915401873377,0.23573922753219
711,0.9948734785526804,0.8386121914308975
712,0.8710407660508983,-0.29588387620317125
713,-0.8534689210105044,-0.13296311232866448
714,0.008995958651886168,-0.17646215023514533
715,0.6079352218734392,0.7546954379673854
716,0.8016889710007897,-0.035335763991728164
717,-0.7985511313692403,-0.9679460247088892
718,-0.5296833829712412,0.002654391610634321
719,0.08928940046187113,-0.12219848077012875
720,-0.16133808345425008,-1.0304584237782273
721,0.15059505540517262,0.24172613163062143
722,-0.09627328675571957,-0.541925359376693
723,-0.857271466883877,0.4433360604276425
724,0.5011116852292197,0.2816201746504981
725,0.6867357029902931,-0.5837563576529894
726,0.15608599885095328,-0.15006601567718983
727,0.8671787756992511,0.337191164070059
728,-0.8917868954831578,0.7011223706593406
729,-0.6822256418299579,-0.6017127601710099
730,0.6744271289381779,0.4182161109503263
731,-1.0386299569251887,0.8056330543204875
732,0.07536770975778008,-0.20025623947613674
733,-0.8686097908874082,-0.6259958403252268
734,-0.4892028333169106,-0.5477835306053247
735,0.6310288414891929,-0.7569399427048936
736,0.6033320257912169,0.23518832661956335
737,0.07740032415426296,-0.848695269944496
738,-0.01427155239792898,0.3797058535064441
739,0.12605925644617955,-0.9886231302856984
740,1.0400475196786956,-0.8419247992024852
741,-0.3896067549844999,0.8846955923874196
742,-0.445156308671377,0.4662827415728756
743,0.9007870371699882,-0.08635658678950404
744,-0.8025796755692111,0.4810076389981676
745,0.5769422768918807,0.14652245687150475
746,0.3246654277048353,0.5018542768453262
747,0.8120700797891669,-0.8073808530719733
748,0.8205782160612591,-0.8705417185328101
749,0.27949137376603295,0.6856585846511901
750,1.0256395710342512,-0.7870914363817341
751,-0.2817542611555902,-0.31998485989315195
752,0.663761187175742,-0.49401483417545805
753,1.0309108252304018,0.6492146981139104
754,0.9259174703449252,-0.8443831245824932
755,-0.01911123387222653,0.3074244758863968
756,0.2955515174631196,-0.6415048739048899
757,-0.36645538204481226,0.6164428070423655
758,0.6053228620548304,0.7646745233877205
759,0.14857111614119728,-0.188138931474713
760,0.6283543146657448,0.7768536396900828
761,-0.4901627873429827,-0.3567582602506747
762,0.32746749381832607,-0.47503488446343
763,-1.0056549429853994,-0.00893066689827281
764,-0.19107358042184971,-0.8556669112405348
765,-0.39457908921048157,0.6356157153593966
766,-0.585280872845327,0.06064949515739775
767,-0.8385200405845203,-0.8971384346940248
768,-0.6574757834149723,-0.06926381821026846
769,-0.060773257871034526,-0.34107705370342345
770,0.57122019722931,0.10067978868664959
771,-0.6996510468608553,-0.23846964021250663
772,0.4968749581392398,-0.6659493063329245
773,-0.4746353008734935,-1.0298268597701143
774,-0.9080082597614083,0.08598382697778059
775,0.912963864785298,0.046729557748079124
776,0.1290151263336474,-0.16607079963111232
777,0.6777726805210202,-1.0470743400927633
778,0.9854978585185337,-0.6364827056245569
779,-0.7883068698884592,-0.3627506055498513
780,-0.7605646922232111,0.09759110034535272
781,-0.4191455236114371,-0.861496105260297
782,0.8490460620163243,-1.04650696673626
783,0.750519211523766,-0.8078059007680619
784,-0.437691807849798,-0.4735641270166497
785,-0.958971573635672,-0.5385009092456906
786,0.20076155289302713,-0.26195290167179214
787,-0.8228626092683083,-0.28125516736022055
788,-0.1392520445480378,-0.39338510934353416
789,0.2460953090983256,0.8165253489151297
790,0.6811946329564165,-0.8389596803930504
791,-0.16718207307990887,-0.8625815014930059
792,-0.13012846079128484,-0.5918127339690188
793,-0.17983979243929968,0.46815410566882604
794,0.4349852211744237,0.8383579549276524
795,-0.36714719842720894,0.4775009987778985
796,-0.10023540899716957,-0.7975878643683829
797,0.1812466830111929,-0.8037287138494287
798,0.05757893366934528,-0.5284680051917846
799,0.10695296967593072,0.7977460823915864
800,0.6460676828532755,0.5047504630855324
801,-0.5378126189592309,0.39890463689865835
802,-0.16479234963547904,-0.2810059533194453
803,1.0468294203276858,0.14434824983087985
804,0.5449511216913,-0.2712829587619346
805,-0.17253409996457794,-0.0004917573014155225
806,-0.5023867589412373,0.8633290482418285
807,-0.48831986367792146,-0.4012806140519747
808,0.7992715445602293,0.5442586519657903
809,0.03552925762745352,-0.1459314524101128
810,-0.248507603063818,-0.19750803265067934
811,0.7159471713867784,-0.11696132229522281
812,0.9104118299140163,-0.761107386749934
813,-0.09537081393963816,-0.11779636574585338
814,-0.6214242345759597,-0.11309212285061367
815,0.17048941136764428,-0.4737432413128355
816,0.9738623052433457,-0.30909941600477364
817,0.09868817254717814,-0.04462524710139558
818,-0.5677329634856207,-0.06766787376897074
819,0.025943906814870663,-0.38821638864703845
820,-0.3203271061579627,-0.8521645325899311
821,-0.9656393530474702,-0.7189961789816689
822,0.4181409223385916,-0.2449441316196512
823,0.6064866017312217,0.1799166576936355
824,-0.9945827409224244,0.7350114080168367
825,0.4637845690658008,-0.0822653202886348
826,-0.3743431858144944,-0.899705505019729
827,0.46520841691814346,0.4980608188630475
828,-0.47608056406728405,0.730499139014057
829,-0.2631630100873059,0.6071111178671099
830,-0.7771826149347656,0.04653210853992423
831,0.10087768580496821,0.5953231221655202
832,0.6839498795210436,0.3552946312782416
833,-0.4771822615994372,-0.9874359469136902
834,-0.5109560721692087,0.7326245427703214
835,-0.4504952837948339,0.6634692925070548
836,-0.7646371275463454,0.2975747975185675
837,0.38355855208751455,-0.016475640901591614
838,0.0010951667093794235,0.1027072230069911
839,-0.06238653616098016,-1.011447927673093
840,-0.5539898638926976,0.7367392548147201
841,0.7466201373373748,0.1703014953881639
842,0.27564885821804885,-0.9482717372603988
843,-0.9124089035773005,-1.0461479359731574
844,0.8585772939842626,0.9577108908774715
845,0.2638360819315513,-0.7677523140053947
846,1.0522613380528907,-0.31437449205290374
847,-0.9336478965204313,0.8638040341837717
848,-0.37195731956143596,-0.40666817066895905
849,-0.3042429455943709,-0.9027321352013369
850,0.34076368681077096,0.9071172082265199
851,0.8119248606461957,0.017188696833388535
852,-0.7880175451921498,0.5236125520497688
853,0.9700146885575075,-0.3636900560073449
854,0.7072201776758554,-0.06602497878852362
855,-0.1633737944476823,-0.10380895985059756
856,0.6507192270426867,-0.2062816015525909
857,-0.024464445588135285,0.0018734468457329283
858,0.6930770371451986,0.7443200012440773
859,-0.03214505213589233,0.48181798283528976
860,-0.9087389566578643,0.5923457249714738
861,0.9205953454867027,0.23336171621808316
862,0.456382761792856,0.6747308627659536
863,0.015167539524189071,-0.7270134301109982
864,0.2239383262804928,0.5516042659716479
865,-0.9582047892895967,-0.39174944230570485
866,1.0615428266369251,-0.9193069435330464
867,-0.5092505476913293,0.4897353086105058
868,0.8599540357098783,-0.8191651175093467
869,-0.6684268286624688,-0.8929917740439625
870,-0.7682918518942704,-0.15915311933941664
871,-0.6948542454181602,0.3649660793308925
872,-0.7928440046227803,0.6316416140172276
873,0.7755762567303659,0.1765787525774067
874,0.5606608100805259,0.3441469846825895
875,-0.972219955204536,0.7317395629729283
876,-0.5293165758747329,-0.9787605438077676
877,0.5541756601037136,-0.03607790164718785
878,-1.0100899289455587,0.24104309381694863
879,-0.6643488257728924,-0.5816548533634527
880,0.6530932173976385,0.8598675590381608
881,0.43581914505201813,-0.3820717235912414
882,0.2687423331163592,-0.7052622849443227
883,-0.9090322948571169,-0.9331275326441271
884,-0.5153643904094933,-0.7457960159939359
885,0.7584184053653299,-0.728646887902986
886,-0.5931218933221156,0.7822560802759292
887,0.916467138835729,0.022365767596764445
888,0.08035578098165731,0.06749774548268175
889,-0.1119827200554914,-0.8793550459410958
890,0.922378320170595,0.7700662040984095
891,0.5332778099157285,0.9227228001976038
892,-0.4929227906764555,0.11305523459315303
893,-0.46149702589979397,-0.7784106745699046
894,0.08360280102550832,-0.9302455715356486
895,-0.4679292941595454,0.8640794737090829
896,-0.5446895047445774,-0.5908871404841313
897,-0.2636663704209813,-0.3645030506207266
898,-0.5978015493499523,0.10422680353414022
899,0.2719945768192555,-0.17518805755000913
900,-0.021244092066307365,0.3764351263988489
901,-0.6110798036037818,-0.37672469002327047
902,-0.1587055026092229,-0.30446536617756975
903,1.0340096417166513,-0.20367636093174618
904,0.5497342397412165,-0.8092702684823518
905,0.42807514601102864,0.6264097075884042
906,-0.1672924804840594,0.35571968800924314
907,-0.9482625176694364,-0.43926357449144987
908,0.06220340381572228,-0.20681456492592157
909,0.7590518797468437,0.3324725304353285
910,-0.668268510366129,-0.9647802006821865
911,-0.4435037775668404,0.9123633361586525
912,-0.7469142692241673,0.4407791622113745
913,-0.2713459941405291,-0.44832370982603925
914,1.0485049535622688,0.9113018029360163
915,0.9264514157880416,0.5995212722411598
916,0.8364682386200083,0.1714723321557004
917,-0.4475393474615781,-0.9417875605944276
918,-0.7017108695797695,0.3846367523555851
919,0.8337358756709825,-0.1882570030026255
920,-0.646091705585399,0.6921575541386003
921,-0.2653194994153208,-0.7590135921723814
922,-0.8913234941671917,-0.36557870198715764
923,-0.5188273648814183,0.193125118008238
924,0.45169470877260415,0.6626846735204236
925,-0.32031319245103756,-0.20734918199896038
926,-0.6652495034480015,-0.27297066991817465
927,-0.3021576569957693,-0.7150341173140691
928,-0.020789473355801842,-0.7195042898737947
929,0.5619048566168161,-0.7464524762821332
930,0.7520461889826986,0.9326589198003618
931,0.955001389504518,-0.5681618399340493
932,-0.35206366941951567,0.5762910208520418
933,0.37236159374047073,-0.6538832580495396
934,-0.3554997445219428,0.3467413034509121
935,0.6576990849791856,-0.8860370376688458
936,0.8973025719858255,0.7729283654492269
937,0.6569178135828146,-0.7801588966885536
938,0.3923576606142568,0.8517330533068702
939,0.5805943460509995,-0.38415842589367855
940,0.7818672983037492,-1.0258671733349218
941,0.6945049635120235,0.2318257469064263
942,0.4538856572791953,0.5076992368214697
943,0.7993483304792812,-0.7478269105869808
944,0.09776912811251261,-0.9551074499153841
945,-0.9813775880795758,-0.8681182491196318
946,0.21047271180628221,-0.6132053277173811
947,0.8358500373060997,-0.013032489705416468
948,-0.7527752723295611,-0.23910284371773113
949,-0.9631022453428455,-1.023075941730768
950,-0.6886614546954476,-0.8415731834847834
951,0.5922113985142776,0.5069158145057915
952,-0.3216012163068305,0.32201725297861117
953,0.2134653202045722,-0.7347039287435111
954,-0.8263609270410307,-0.5612049443516011
955,-0.7980591256678793,-0.08060665367653015
956,0.8606459566582481,-0.5153874342495077
957,-0.7442906526736569,0.7800170312581043
958,-0.500518806587108,0.3920695134828126
959,0.019236014754182677,-0.09972280437472744
960,-0.6183171243665897,0.015577839760780813
961,0.6312636137684954,-0.9578386256925013
962,0.32520541541005255,-0.22320442449142228
963,0.16320528787213975,0.095237586151887
964,0.2529369506733503,0.3347178606073886
965,0.8786717815935425,-1.0478911759811562
966,0.25134670238091594,0.015727761797442813
967,-0.8840140439751561,0.18941089778326425
968,0.33031704206178747,0.2769264809746181
969,-0.7142022388183512,0.5556700578565791
970,0.7163580994054116,-0.679451228358896
971,0.6742725452985131,0.9210210385331652
972,0.8662515754286809,-0.9721018018399991
973,0.41748248552177947,-0.29863365114192764
974,0.019591372711373282,0.31950819563101646
975,0.7738666678494927,0.6935301110827552
976,0.08260168890749409,0.7738813769970587
977,0.9110489297677553,-0.12350738836641835
978,-0.2778560341577052,0.06443392714364984
979,0.9776735816260089,-0.517920888782369
980,-0.008964547726283661,-0.8312434466976785
981,1.054377407735354,-0.39466017675799503
982,-0.36607191385441795,0.5777996915224883
983,-0.3507125381869606,0.25790912510779523
984,-0.9244220846678335,0.1586399517806413
985,-0.34160713716581026,0.48140713424550496
986,0.9210503059823555,0.6862285991292483
987,-0.5153642243736352,0.14643048045787005
988,-0.7653086288028798,-0.5558959054853649
989,-0.811605579813507,-0.7386181368710721
990,-0.17481582294935782,0.2552910376164557
991,-0.008348387008803032,0.11998240602681662
992,-0.9860937356175035,0.7610796840356163
993,1.029181254858637,-0.022694985849117215
994,0.22270194521031506,0.4128361215725816
995,0.01699386242181036,-0.5336766454429451
996,0.5835568663932121,0.6861906151929686
997,0.777773818576481,-1.0089370345855384
998,-0.43872513177839484,-0.022129526221448176
999,-1.0214393758995783,-0.795217733016571
