"","TM","NM","NT","TH","BW","GRD"
"1",0,0,0,0,0.005,0.05
"2",0,0,0,0,0.005,0.05
"3",0,0,0,0,0.005,0.05
"4",0,0,0,0,0.005,0.05
"5",0,0,0,0,0.005,0.05
"6",0,0,0,0,0.005,0.05
"7",0,0,0,0,0.005,0.05
"8",0,0,0,0,0.005,0.05
"9",0,0,0,0,0.005,0.05
"10",0,0,0,0,0.005,0.05
"11",0,0,0,0,0.005,0.05
"12",0,0,0,0,0.005,0.05
"13",0,0,0,0,0.005,0.05
"14",0,0,0,0,0.005,0.05
"15",0,0,0,0,0.005,0.05
"16",0,0,0,0,0.005,0.05
"17",0,0,0,0,0.005,0.05
"18",0,0,0,0,0.005,0.05
"19",0,0,0,0,0.005,0.05
"20",0,0,0,0,0.005,0.05
"21",0,0,0,0,0.005,0.05
"22",0,0,0,0,0.005,0.05
"23",0,0,0,0,0.005,0.05
"24",0,0,0,0,0.005,0.05
"25",0,0,0,0,0.005,0.05
"26",0,0,0,0,0.005,0.05
"27",0,0,0,0,0.005,0.05
"28",0,0,0,0,0.005,0.05
"29",0,0,0,0,0.005,0.05
"30",0,0,0,0,0.005,0.05
"31",0,0,0,0,0.005,0.05
"32",0,0,0,0,0.005,0.05
"33",0,0,0,0,0.005,0.05
"34",0,0,0,0,0.005,0.05
"35",0,0,0,0,0.005,0.05
"36",0,0,0,0,0.005,0.05
"37",0,0,0,0,0.005,0.05
"38",0,0,0,0,0.005,0.05
"39",0,0,0,0,0.005,0.05
"40",0,0,0,0,0.005,0.05
"41",0,0,0,0,0.005,0.05
"42",0,0,0,0,0.005,0.05
"43",0,0,0,0,0.005,0.05
"44",0,0,0,0,0.005,0.05
"45",0,0,0,0,0.005,0.05
"46",0,0,0,0,0.005,0.05
"47",0,0,0,0,0.005,0.05
"48",0,0,0,0,0.005,0.05
"49",0,0,0,0,0.005,0.05
"50",0.19,0.2,0.04,0.15,0.01,0.05
"51",0.19,0.2,0.04,0.15,0.01,0.05
"52",0.19,0.2,0.04,0.15,0.01,0.05
"53",0.19,0.2,0.04,0.15,0.01,0.05
"54",0.19,0.2,0.04,0.15,0.01,0.05
"55",0.19,0.2,0.04,0.15,0.01,0.05
"56",0.19,0.2,0.04,0.15,0.01,0.05
"57",0.19,0.2,0.04,0.15,0.01,0.05
"58",0.19,0.2,0.04,0.15,0.01,0.05
"59",0.19,0.2,0.04,0.15,0.01,0.05
"60",0.19,0.2,0.04,0.15,0.01,0.05
"61",0.19,0.2,0.04,0.15,0.01,0.05
"62",0.19,0.2,0.04,0.15,0.01,0.05
"63",0.19,0.2,0.04,0.15,0.01,0.05
"64",0.19,0.2,0.04,0.15,0.01,0.05
"65",0.19,0.2,0.04,0.15,0.01,0.05
"66",0.19,0.2,0.04,0.15,0.01,0.05
"67",0.19,0.2,0.04,0.15,0.01,0.05
"68",0.19,0.2,0.04,0.15,0.01,0.05
"69",0.19,0.2,0.04,0.15,0.01,0.05
"70",0.19,0.2,0.04,0.15,0.01,0.05
"71",0.19,0.2,0.04,0.15,0.01,0.05
"72",0.19,0.2,0.04,0.15,0.01,0.05
"73",0.19,0.2,0.04,0.15,0.01,0.05
"74",0.19,0.2,0.04,0.15,0.01,0.05
"75",0.19,0.2,0.04,0.15,0.01,0.05
"76",0.19,0.2,0.04,0.15,0.01,0.05
"77",0.19,0.2,0.04,0.15,0.01,0.05
"78",0.19,0.2,0.04,0.15,0.01,0.05
"79",0.19,0.2,0.04,0.15,0.01,0.05
"80",0.19,0.2,0.04,0.15,0.01,0.05
"81",0.19,0.2,0.04,0.15,0.01,0.05
"82",0.19,0.2,0.04,0.15,0.01,0.05
"83",0.19,0.2,0.04,0.15,0.01,0.05
"84",0.19,0.2,0.04,0.15,0.01,0.05
"85",0.19,0.2,0.04,0.15,0.01,0.05
"86",0.19,0.2,0.04,0.15,0.01,0.05
"87",0.19,0.2,0.04,0.15,0.01,0.05
"88",0.19,0.2,0.04,0.15,0.01,0.05
"89",0.19,0.2,0.04,0.15,0.01,0.05
"90",0.19,0.2,0.04,0.15,0.01,0.05
"91",0.19,0.2,0.04,0.15,0.01,0.05
"92",0.19,0.2,0.04,0.15,0.01,0.05
"93",0.19,0.2,0.04,0.15,0.01,0.05
"94",0.19,0.2,0.04,0.15,0.01,0.05
"95",0.19,0.2,0.04,0.15,0.01,0.05
"96",0.19,0.2,0.04,0.15,0.01,0.05
"97",0.19,0.2,0.04,0.15,0.01,0.05
"98",0.19,0.2,0.04,0.15,0.01,0.05
"99",3.41,1.45,0.55,1.75,0.015,0.05
"100",3.41,1.45,0.55,1.75,0.015,0.05
"101",3.41,1.45,0.55,1.75,0.015,0.05
"102",3.41,1.45,0.55,1.75,0.015,0.05
"103",3.41,1.45,0.55,1.75,0.015,0.05
"104",3.41,1.45,0.55,1.75,0.015,0.05
"105",3.41,1.45,0.55,1.75,0.015,0.05
"106",3.41,1.45,0.55,1.75,0.015,0.05
"107",3.41,1.45,0.55,1.75,0.015,0.05
"108",3.41,1.45,0.55,1.75,0.015,0.05
"109",3.41,1.45,0.55,1.75,0.015,0.05
"110",3.41,1.45,0.55,1.75,0.015,0.05
"111",3.41,1.45,0.55,1.75,0.015,0.05
"112",3.41,1.45,0.55,1.75,0.015,0.05
"113",3.41,1.45,0.55,1.75,0.015,0.05
"114",3.41,1.45,0.55,1.75,0.015,0.05
"115",3.41,1.45,0.55,1.75,0.015,0.05
"116",3.41,1.45,0.55,1.75,0.015,0.05
"117",3.41,1.45,0.55,1.75,0.015,0.05
"118",3.41,1.45,0.55,1.75,0.015,0.05
"119",3.41,1.45,0.55,1.75,0.015,0.05
"120",3.41,1.45,0.55,1.75,0.015,0.05
"121",3.41,1.45,0.55,1.75,0.015,0.05
"122",3.41,1.45,0.55,1.75,0.015,0.05
"123",3.41,1.45,0.55,1.75,0.015,0.05
"124",3.41,1.45,0.55,1.75,0.015,0.05
"125",3.41,1.45,0.55,1.75,0.015,0.05
"126",3.41,1.45,0.55,1.75,0.015,0.05
"127",3.41,1.45,0.55,1.75,0.015,0.05
"128",3.41,1.45,0.55,1.75,0.015,0.05
"129",3.41,1.45,0.55,1.75,0.015,0.05
"130",3.41,1.45,0.55,1.75,0.015,0.05
"131",3.41,1.45,0.55,1.75,0.015,0.05
"132",3.41,1.45,0.55,1.75,0.015,0.05
"133",3.41,1.45,0.55,1.75,0.015,0.05
"134",3.41,1.45,0.55,1.75,0.015,0.05
"135",3.41,1.45,0.55,1.75,0.015,0.05
"136",3.41,1.45,0.55,1.75,0.015,0.05
"137",3.41,1.45,0.55,1.75,0.015,0.05
"138",3.41,1.45,0.55,1.75,0.015,0.05
"139",3.41,1.45,0.55,1.75,0.015,0.05
"140",3.41,1.45,0.55,1.75,0.015,0.05
"141",3.41,1.45,0.55,1.75,0.015,0.05
"142",3.41,1.45,0.55,1.75,0.015,0.05
"143",3.41,1.45,0.55,1.75,0.015,0.05
"144",3.41,1.45,0.55,1.75,0.015,0.05
"145",3.41,1.45,0.55,1.75,0.015,0.05
"146",3.41,1.45,0.55,1.75,0.015,0.05
"147",3.41,1.45,0.55,1.75,0.015,0.05
"148",4.5,0.64,1.66,3.18,0.02,0.05
"149",4.5,0.64,1.66,3.18,0.02,0.05
"150",4.5,0.64,1.66,3.18,0.02,0.05
"151",4.5,0.64,1.66,3.18,0.02,0.05
"152",4.5,0.64,1.66,3.18,0.02,0.05
"153",4.5,0.64,1.66,3.18,0.02,0.05
"154",4.5,0.64,1.66,3.18,0.02,0.05
"155",4.5,0.64,1.66,3.18,0.02,0.05
"156",4.5,0.64,1.66,3.18,0.02,0.05
"157",4.5,0.64,1.66,3.18,0.02,0.05
"158",4.5,0.64,1.66,3.18,0.02,0.05
"159",4.5,0.64,1.66,3.18,0.02,0.05
"160",4.5,0.64,1.66,3.18,0.02,0.05
"161",4.5,0.64,1.66,3.18,0.02,0.05
"162",4.5,0.64,1.66,3.18,0.02,0.05
"163",4.5,0.64,1.66,3.18,0.02,0.05
"164",4.5,0.64,1.66,3.18,0.02,0.05
"165",4.5,0.64,1.66,3.18,0.02,0.05
"166",4.5,0.64,1.66,3.18,0.02,0.05
"167",4.5,0.64,1.66,3.18,0.02,0.05
"168",4.5,0.64,1.66,3.18,0.02,0.05
"169",4.5,0.64,1.66,3.18,0.02,0.05
"170",4.5,0.64,1.66,3.18,0.02,0.05
"171",4.5,0.64,1.66,3.18,0.02,0.05
"172",4.5,0.64,1.66,3.18,0.02,0.05
"173",4.5,0.64,1.66,3.18,0.02,0.05
"174",4.5,0.64,1.66,3.18,0.02,0.05
"175",4.5,0.64,1.66,3.18,0.02,0.05
"176",4.5,0.64,1.66,3.18,0.02,0.05
"177",4.5,0.64,1.66,3.18,0.02,0.05
"178",4.5,0.64,1.66,3.18,0.02,0.05
"179",4.5,0.64,1.66,3.18,0.02,0.05
"180",4.5,0.64,1.66,3.18,0.02,0.05
"181",4.5,0.64,1.66,3.18,0.02,0.05
"182",4.5,0.64,1.66,3.18,0.02,0.05
"183",4.5,0.64,1.66,3.18,0.02,0.05
"184",4.5,0.64,1.66,3.18,0.02,0.05
"185",4.5,0.64,1.66,3.18,0.02,0.05
"186",4.5,0.64,1.66,3.18,0.02,0.05
"187",4.5,0.64,1.66,3.18,0.02,0.05
"188",4.5,0.64,1.66,3.18,0.02,0.05
"189",4.5,0.64,1.66,3.18,0.02,0.05
"190",4.5,0.64,1.66,3.18,0.02,0.05
"191",4.5,0.64,1.66,3.18,0.02,0.05
"192",4.5,0.64,1.66,3.18,0.02,0.05
"193",4.5,0.64,1.66,3.18,0.02,0.05
"194",4.5,0.64,1.66,3.18,0.02,0.05
"195",4.5,0.64,1.66,3.18,0.02,0.05
"196",4.5,0.64,1.66,3.18,0.02,0.05
"197",6.09,1.16,1.89,1.9,0.025,0.05
"198",6.09,1.16,1.89,1.9,0.025,0.05
"199",6.09,1.16,1.89,1.9,0.025,0.05
"200",6.09,1.16,1.89,1.9,0.025,0.05
"201",6.09,1.16,1.89,1.9,0.025,0.05
"202",6.09,1.16,1.89,1.9,0.025,0.05
"203",6.09,1.16,1.89,1.9,0.025,0.05
"204",6.09,1.16,1.89,1.9,0.025,0.05
"205",6.09,1.16,1.89,1.9,0.025,0.05
"206",6.09,1.16,1.89,1.9,0.025,0.05
"207",6.09,1.16,1.89,1.9,0.025,0.05
"208",6.09,1.16,1.89,1.9,0.025,0.05
"209",6.09,1.16,1.89,1.9,0.025,0.05
"210",6.09,1.16,1.89,1.9,0.025,0.05
"211",6.09,1.16,1.89,1.9,0.025,0.05
"212",6.09,1.16,1.89,1.9,0.025,0.05
"213",6.09,1.16,1.89,1.9,0.025,0.05
"214",6.09,1.16,1.89,1.9,0.025,0.05
"215",6.09,1.16,1.89,1.9,0.025,0.05
"216",6.09,1.16,1.89,1.9,0.025,0.05
"217",6.09,1.16,1.89,1.9,0.025,0.05
"218",6.09,1.16,1.89,1.9,0.025,0.05
"219",6.09,1.16,1.89,1.9,0.025,0.05
"220",6.09,1.16,1.89,1.9,0.025,0.05
"221",6.09,1.16,1.89,1.9,0.025,0.05
"222",6.09,1.16,1.89,1.9,0.025,0.05
"223",6.09,1.16,1.89,1.9,0.025,0.05
"224",6.09,1.16,1.89,1.9,0.025,0.05
"225",6.09,1.16,1.89,1.9,0.025,0.05
"226",6.09,1.16,1.89,1.9,0.025,0.05
"227",6.09,1.16,1.89,1.9,0.025,0.05
"228",6.09,1.16,1.89,1.9,0.025,0.05
"229",6.09,1.16,1.89,1.9,0.025,0.05
"230",6.09,1.16,1.89,1.9,0.025,0.05
"231",6.09,1.16,1.89,1.9,0.025,0.05
"232",6.09,1.16,1.89,1.9,0.025,0.05
"233",6.09,1.16,1.89,1.9,0.025,0.05
"234",6.09,1.16,1.89,1.9,0.025,0.05
"235",6.09,1.16,1.89,1.9,0.025,0.05
"236",6.09,1.16,1.89,1.9,0.025,0.05
"237",6.09,1.16,1.89,1.9,0.025,0.05
"238",6.09,1.16,1.89,1.9,0.025,0.05
"239",6.09,1.16,1.89,1.9,0.025,0.05
"240",6.09,1.16,1.89,1.9,0.025,0.05
"241",6.09,1.16,1.89,1.9,0.025,0.05
"242",6.09,1.16,1.89,1.9,0.025,0.05
"243",6.09,1.16,1.89,1.9,0.025,0.05
"244",6.09,1.16,1.89,1.9,0.025,0.05
"245",6.09,1.16,1.89,1.9,0.025,0.05
"246",6.48,0.97,1.59,0.81,0.03,0.05
"247",6.48,0.97,1.59,0.81,0.03,0.05
"248",6.48,0.97,1.59,0.81,0.03,0.05
"249",6.48,0.97,1.59,0.81,0.03,0.05
"250",6.48,0.97,1.59,0.81,0.03,0.05
"251",6.48,0.97,1.59,0.81,0.03,0.05
"252",6.48,0.97,1.59,0.81,0.03,0.05
"253",6.48,0.97,1.59,0.81,0.03,0.05
"254",6.48,0.97,1.59,0.81,0.03,0.05
"255",6.48,0.97,1.59,0.81,0.03,0.05
"256",6.48,0.97,1.59,0.81,0.03,0.05
"257",6.48,0.97,1.59,0.81,0.03,0.05
"258",6.48,0.97,1.59,0.81,0.03,0.05
"259",6.48,0.97,1.59,0.81,0.03,0.05
"260",6.48,0.97,1.59,0.81,0.03,0.05
"261",6.48,0.97,1.59,0.81,0.03,0.05
"262",6.48,0.97,1.59,0.81,0.03,0.05
"263",6.48,0.97,1.59,0.81,0.03,0.05
"264",6.48,0.97,1.59,0.81,0.03,0.05
"265",6.48,0.97,1.59,0.81,0.03,0.05
"266",6.48,0.97,1.59,0.81,0.03,0.05
"267",6.48,0.97,1.59,0.81,0.03,0.05
"268",6.48,0.97,1.59,0.81,0.03,0.05
"269",6.48,0.97,1.59,0.81,0.03,0.05
"270",6.48,0.97,1.59,0.81,0.03,0.05
"271",6.48,0.97,1.59,0.81,0.03,0.05
"272",6.48,0.97,1.59,0.81,0.03,0.05
"273",6.48,0.97,1.59,0.81,0.03,0.05
"274",6.48,0.97,1.59,0.81,0.03,0.05
"275",6.48,0.97,1.59,0.81,0.03,0.05
"276",6.48,0.97,1.59,0.81,0.03,0.05
"277",6.48,0.97,1.59,0.81,0.03,0.05
"278",6.48,0.97,1.59,0.81,0.03,0.05
"279",6.48,0.97,1.59,0.81,0.03,0.05
"280",6.48,0.97,1.59,0.81,0.03,0.05
"281",6.48,0.97,1.59,0.81,0.03,0.05
"282",6.48,0.97,1.59,0.81,0.03,0.05
"283",6.48,0.97,1.59,0.81,0.03,0.05
"284",6.48,0.97,1.59,0.81,0.03,0.05
"285",6.48,0.97,1.59,0.81,0.03,0.05
"286",6.48,0.97,1.59,0.81,0.03,0.05
"287",6.48,0.97,1.59,0.81,0.03,0.05
"288",6.48,0.97,1.59,0.81,0.03,0.05
"289",6.48,0.97,1.59,0.81,0.03,0.05
"290",6.48,0.97,1.59,0.81,0.03,0.05
"291",6.48,0.97,1.59,0.81,0.03,0.05
"292",6.48,0.97,1.59,0.81,0.03,0.05
"293",6.48,0.97,1.59,0.81,0.03,0.05
"294",6.48,0.97,1.59,0.81,0.03,0.05
"295",6.09,1,1.01,0.32,0.035,0.05
"296",6.09,1,1.01,0.32,0.035,0.05
"297",6.09,1,1.01,0.32,0.035,0.05
"298",6.09,1,1.01,0.32,0.035,0.05
"299",6.09,1,1.01,0.32,0.035,0.05
"300",6.09,1,1.01,0.32,0.035,0.05
"301",6.09,1,1.01,0.32,0.035,0.05
"302",6.09,1,1.01,0.32,0.035,0.05
"303",6.09,1,1.01,0.32,0.035,0.05
"304",6.09,1,1.01,0.32,0.035,0.05
"305",6.09,1,1.01,0.32,0.035,0.05
"306",6.09,1,1.01,0.32,0.035,0.05
"307",6.09,1,1.01,0.32,0.035,0.05
"308",6.09,1,1.01,0.32,0.035,0.05
"309",6.09,1,1.01,0.32,0.035,0.05
"310",6.09,1,1.01,0.32,0.035,0.05
"311",6.09,1,1.01,0.32,0.035,0.05
"312",6.09,1,1.01,0.32,0.035,0.05
"313",6.09,1,1.01,0.32,0.035,0.05
"314",6.09,1,1.01,0.32,0.035,0.05
"315",6.09,1,1.01,0.32,0.035,0.05
"316",6.09,1,1.01,0.32,0.035,0.05
"317",6.09,1,1.01,0.32,0.035,0.05
"318",6.09,1,1.01,0.32,0.035,0.05
"319",6.09,1,1.01,0.32,0.035,0.05
"320",6.09,1,1.01,0.32,0.035,0.05
"321",6.09,1,1.01,0.32,0.035,0.05
"322",6.09,1,1.01,0.32,0.035,0.05
"323",6.09,1,1.01,0.32,0.035,0.05
"324",6.09,1,1.01,0.32,0.035,0.05
"325",6.09,1,1.01,0.32,0.035,0.05
"326",6.09,1,1.01,0.32,0.035,0.05
"327",6.09,1,1.01,0.32,0.035,0.05
"328",6.09,1,1.01,0.32,0.035,0.05
"329",6.09,1,1.01,0.32,0.035,0.05
"330",6.09,1,1.01,0.32,0.035,0.05
"331",6.09,1,1.01,0.32,0.035,0.05
"332",6.09,1,1.01,0.32,0.035,0.05
"333",6.09,1,1.01,0.32,0.035,0.05
"334",6.09,1,1.01,0.32,0.035,0.05
"335",6.09,1,1.01,0.32,0.035,0.05
"336",6.09,1,1.01,0.32,0.035,0.05
"337",6.09,1,1.01,0.32,0.035,0.05
"338",6.09,1,1.01,0.32,0.035,0.05
"339",6.09,1,1.01,0.32,0.035,0.05
"340",6.09,1,1.01,0.32,0.035,0.05
"341",6.09,1,1.01,0.32,0.035,0.05
"342",6.09,1,1.01,0.32,0.035,0.05
"343",6.09,1,1.01,0.32,0.035,0.05
"344",5.29,1,0.42,0.14,0.04,0.05
"345",5.29,1,0.42,0.14,0.04,0.05
"346",5.29,1,0.42,0.14,0.04,0.05
"347",5.29,1,0.42,0.14,0.04,0.05
"348",5.29,1,0.42,0.14,0.04,0.05
"349",5.29,1,0.42,0.14,0.04,0.05
"350",5.29,1,0.42,0.14,0.04,0.05
"351",5.29,1,0.42,0.14,0.04,0.05
"352",5.29,1,0.42,0.14,0.04,0.05
"353",5.29,1,0.42,0.14,0.04,0.05
"354",5.29,1,0.42,0.14,0.04,0.05
"355",5.29,1,0.42,0.14,0.04,0.05
"356",5.29,1,0.42,0.14,0.04,0.05
"357",5.29,1,0.42,0.14,0.04,0.05
"358",5.29,1,0.42,0.14,0.04,0.05
"359",5.29,1,0.42,0.14,0.04,0.05
"360",5.29,1,0.42,0.14,0.04,0.05
"361",5.29,1,0.42,0.14,0.04,0.05
"362",5.29,1,0.42,0.14,0.04,0.05
"363",5.29,1,0.42,0.14,0.04,0.05
"364",5.29,1,0.42,0.14,0.04,0.05
"365",5.29,1,0.42,0.14,0.04,0.05
"366",5.29,1,0.42,0.14,0.04,0.05
"367",5.29,1,0.42,0.14,0.04,0.05
"368",5.29,1,0.42,0.14,0.04,0.05
"369",5.29,1,0.42,0.14,0.04,0.05
"370",5.29,1,0.42,0.14,0.04,0.05
"371",5.29,1,0.42,0.14,0.04,0.05
"372",5.29,1,0.42,0.14,0.04,0.05
"373",5.29,1,0.42,0.14,0.04,0.05
"374",5.29,1,0.42,0.14,0.04,0.05
"375",5.29,1,0.42,0.14,0.04,0.05
"376",5.29,1,0.42,0.14,0.04,0.05
"377",5.29,1,0.42,0.14,0.04,0.05
"378",5.29,1,0.42,0.14,0.04,0.05
"379",5.29,1,0.42,0.14,0.04,0.05
"380",5.29,1,0.42,0.14,0.04,0.05
"381",5.29,1,0.42,0.14,0.04,0.05
"382",5.29,1,0.42,0.14,0.04,0.05
"383",5.29,1,0.42,0.14,0.04,0.05
"384",5.29,1,0.42,0.14,0.04,0.05
"385",5.29,1,0.42,0.14,0.04,0.05
"386",5.29,1,0.42,0.14,0.04,0.05
"387",5.29,1,0.42,0.14,0.04,0.05
"388",5.29,1,0.42,0.14,0.04,0.05
"389",5.29,1,0.42,0.14,0.04,0.05
"390",5.29,1,0.42,0.14,0.04,0.05
"391",5.29,1,0.42,0.14,0.04,0.05
"392",5.29,1,0.42,0.14,0.04,0.05
"393",4.59,1.07,0.53,0.21,0.045,0.05
"394",4.59,1.07,0.53,0.21,0.045,0.05
"395",4.59,1.07,0.53,0.21,0.045,0.05
"396",4.59,1.07,0.53,0.21,0.045,0.05
"397",4.59,1.07,0.53,0.21,0.045,0.05
"398",4.59,1.07,0.53,0.21,0.045,0.05
"399",4.59,1.07,0.53,0.21,0.045,0.05
"400",4.59,1.07,0.53,0.21,0.045,0.05
"401",4.59,1.07,0.53,0.21,0.045,0.05
"402",4.59,1.07,0.53,0.21,0.045,0.05
"403",4.59,1.07,0.53,0.21,0.045,0.05
"404",4.59,1.07,0.53,0.21,0.045,0.05
"405",4.59,1.07,0.53,0.21,0.045,0.05
"406",4.59,1.07,0.53,0.21,0.045,0.05
"407",4.59,1.07,0.53,0.21,0.045,0.05
"408",4.59,1.07,0.53,0.21,0.045,0.05
"409",4.59,1.07,0.53,0.21,0.045,0.05
"410",4.59,1.07,0.53,0.21,0.045,0.05
"411",4.59,1.07,0.53,0.21,0.045,0.05
"412",4.59,1.07,0.53,0.21,0.045,0.05
"413",4.59,1.07,0.53,0.21,0.045,0.05
"414",4.59,1.07,0.53,0.21,0.045,0.05
"415",4.59,1.07,0.53,0.21,0.045,0.05
"416",4.59,1.07,0.53,0.21,0.045,0.05
"417",4.59,1.07,0.53,0.21,0.045,0.05
"418",4.59,1.07,0.53,0.21,0.045,0.05
"419",4.59,1.07,0.53,0.21,0.045,0.05
"420",4.59,1.07,0.53,0.21,0.045,0.05
"421",4.59,1.07,0.53,0.21,0.045,0.05
"422",4.59,1.07,0.53,0.21,0.045,0.05
"423",4.59,1.07,0.53,0.21,0.045,0.05
"424",4.59,1.07,0.53,0.21,0.045,0.05
"425",4.59,1.07,0.53,0.21,0.045,0.05
"426",4.59,1.07,0.53,0.21,0.045,0.05
"427",4.59,1.07,0.53,0.21,0.045,0.05
"428",4.59,1.07,0.53,0.21,0.045,0.05
"429",4.59,1.07,0.53,0.21,0.045,0.05
"430",4.59,1.07,0.53,0.21,0.045,0.05
"431",4.59,1.07,0.53,0.21,0.045,0.05
"432",4.59,1.07,0.53,0.21,0.045,0.05
"433",4.59,1.07,0.53,0.21,0.045,0.05
"434",4.59,1.07,0.53,0.21,0.045,0.05
"435",4.59,1.07,0.53,0.21,0.045,0.05
"436",4.59,1.07,0.53,0.21,0.045,0.05
"437",4.59,1.07,0.53,0.21,0.045,0.05
"438",4.59,1.07,0.53,0.21,0.045,0.05
"439",4.59,1.07,0.53,0.21,0.045,0.05
"440",4.59,1.07,0.53,0.21,0.045,0.05
"441",4.59,1.07,0.53,0.21,0.045,0.05
"442",4,1.14,0.61,0.28,0.05,0.05
"443",4,1.14,0.61,0.28,0.05,0.05
"444",4,1.14,0.61,0.28,0.05,0.05
"445",4,1.14,0.61,0.28,0.05,0.05
"446",4,1.14,0.61,0.28,0.05,0.05
"447",4,1.14,0.61,0.28,0.05,0.05
"448",4,1.14,0.61,0.28,0.05,0.05
"449",4,1.14,0.61,0.28,0.05,0.05
"450",4,1.14,0.61,0.28,0.05,0.05
"451",4,1.14,0.61,0.28,0.05,0.05
"452",4,1.14,0.61,0.28,0.05,0.05
"453",4,1.14,0.61,0.28,0.05,0.05
"454",4,1.14,0.61,0.28,0.05,0.05
"455",4,1.14,0.61,0.28,0.05,0.05
"456",4,1.14,0.61,0.28,0.05,0.05
"457",4,1.14,0.61,0.28,0.05,0.05
"458",4,1.14,0.61,0.28,0.05,0.05
"459",4,1.14,0.61,0.28,0.05,0.05
"460",4,1.14,0.61,0.28,0.05,0.05
"461",4,1.14,0.61,0.28,0.05,0.05
"462",4,1.14,0.61,0.28,0.05,0.05
"463",4,1.14,0.61,0.28,0.05,0.05
"464",4,1.14,0.61,0.28,0.05,0.05
"465",4,1.14,0.61,0.28,0.05,0.05
"466",4,1.14,0.61,0.28,0.05,0.05
"467",4,1.14,0.61,0.28,0.05,0.05
"468",4,1.14,0.61,0.28,0.05,0.05
"469",4,1.14,0.61,0.28,0.05,0.05
"470",4,1.14,0.61,0.28,0.05,0.05
"471",4,1.14,0.61,0.28,0.05,0.05
"472",4,1.14,0.61,0.28,0.05,0.05
"473",4,1.14,0.61,0.28,0.05,0.05
"474",4,1.14,0.61,0.28,0.05,0.05
"475",4,1.14,0.61,0.28,0.05,0.05
"476",4,1.14,0.61,0.28,0.05,0.05
"477",4,1.14,0.61,0.28,0.05,0.05
"478",4,1.14,0.61,0.28,0.05,0.05
"479",4,1.14,0.61,0.28,0.05,0.05
"480",4,1.14,0.61,0.28,0.05,0.05
"481",4,1.14,0.61,0.28,0.05,0.05
"482",4,1.14,0.61,0.28,0.05,0.05
"483",4,1.14,0.61,0.28,0.05,0.05
"484",4,1.14,0.61,0.28,0.05,0.05
"485",4,1.14,0.61,0.28,0.05,0.05
"486",4,1.14,0.61,0.28,0.05,0.05
"487",4,1.14,0.61,0.28,0.05,0.05
"488",4,1.14,0.61,0.28,0.05,0.05
"489",4,1.14,0.61,0.28,0.05,0.05
"490",4,1.14,0.61,0.28,0.05,0.05
"491",3.51,1.07,0.65,0.33,0.055,0.05
"492",3.51,1.07,0.65,0.33,0.055,0.05
"493",3.51,1.07,0.65,0.33,0.055,0.05
"494",3.51,1.07,0.65,0.33,0.055,0.05
"495",3.51,1.07,0.65,0.33,0.055,0.05
"496",3.51,1.07,0.65,0.33,0.055,0.05
"497",3.51,1.07,0.65,0.33,0.055,0.05
"498",3.51,1.07,0.65,0.33,0.055,0.05
"499",3.51,1.07,0.65,0.33,0.055,0.05
"500",3.51,1.07,0.65,0.33,0.055,0.05
"501",3.51,1.07,0.65,0.33,0.055,0.05
"502",3.51,1.07,0.65,0.33,0.055,0.05
"503",3.51,1.07,0.65,0.33,0.055,0.05
"504",3.51,1.07,0.65,0.33,0.055,0.05
"505",3.51,1.07,0.65,0.33,0.055,0.05
"506",3.51,1.07,0.65,0.33,0.055,0.05
"507",3.51,1.07,0.65,0.33,0.055,0.05
"508",3.51,1.07,0.65,0.33,0.055,0.05
"509",3.51,1.07,0.65,0.33,0.055,0.05
"510",3.51,1.07,0.65,0.33,0.055,0.05
"511",3.51,1.07,0.65,0.33,0.055,0.05
"512",3.51,1.07,0.65,0.33,0.055,0.05
"513",3.51,1.07,0.65,0.33,0.055,0.05
"514",3.51,1.07,0.65,0.33,0.055,0.05
"515",3.51,1.07,0.65,0.33,0.055,0.05
"516",3.51,1.07,0.65,0.33,0.055,0.05
"517",3.51,1.07,0.65,0.33,0.055,0.05
"518",3.51,1.07,0.65,0.33,0.055,0.05
"519",3.51,1.07,0.65,0.33,0.055,0.05
"520",3.51,1.07,0.65,0.33,0.055,0.05
"521",3.51,1.07,0.65,0.33,0.055,0.05
"522",3.51,1.07,0.65,0.33,0.055,0.05
"523",3.51,1.07,0.65,0.33,0.055,0.05
"524",3.51,1.07,0.65,0.33,0.055,0.05
"525",3.51,1.07,0.65,0.33,0.055,0.05
"526",3.51,1.07,0.65,0.33,0.055,0.05
"527",3.51,1.07,0.65,0.33,0.055,0.05
"528",3.51,1.07,0.65,0.33,0.055,0.05
"529",3.51,1.07,0.65,0.33,0.055,0.05
"530",3.51,1.07,0.65,0.33,0.055,0.05
"531",3.51,1.07,0.65,0.33,0.055,0.05
"532",3.51,1.07,0.65,0.33,0.055,0.05
"533",3.51,1.07,0.65,0.33,0.055,0.05
"534",3.51,1.07,0.65,0.33,0.055,0.05
"535",3.51,1.07,0.65,0.33,0.055,0.05
"536",3.51,1.07,0.65,0.33,0.055,0.05
"537",3.51,1.07,0.65,0.33,0.055,0.05
"538",3.51,1.07,0.65,0.33,0.055,0.05
"539",3.51,1.07,0.65,0.33,0.055,0.05
"540",3.08,1.01,0.67,0.36,0.06,0.05
"541",3.08,1.01,0.67,0.36,0.06,0.05
"542",3.08,1.01,0.67,0.36,0.06,0.05
"543",3.08,1.01,0.67,0.36,0.06,0.05
"544",3.08,1.01,0.67,0.36,0.06,0.05
"545",3.08,1.01,0.67,0.36,0.06,0.05
"546",3.08,1.01,0.67,0.36,0.06,0.05
"547",3.08,1.01,0.67,0.36,0.06,0.05
"548",3.08,1.01,0.67,0.36,0.06,0.05
"549",3.08,1.01,0.67,0.36,0.06,0.05
"550",3.08,1.01,0.67,0.36,0.06,0.05
"551",3.08,1.01,0.67,0.36,0.06,0.05
"552",3.08,1.01,0.67,0.36,0.06,0.05
"553",3.08,1.01,0.67,0.36,0.06,0.05
"554",3.08,1.01,0.67,0.36,0.06,0.05
"555",3.08,1.01,0.67,0.36,0.06,0.05
"556",3.08,1.01,0.67,0.36,0.06,0.05
"557",3.08,1.01,0.67,0.36,0.06,0.05
"558",3.08,1.01,0.67,0.36,0.06,0.05
"559",3.08,1.01,0.67,0.36,0.06,0.05
"560",3.08,1.01,0.67,0.36,0.06,0.05
"561",3.08,1.01,0.67,0.36,0.06,0.05
"562",3.08,1.01,0.67,0.36,0.06,0.05
"563",3.08,1.01,0.67,0.36,0.06,0.05
"564",3.08,1.01,0.67,0.36,0.06,0.05
"565",3.08,1.01,0.67,0.36,0.06,0.05
"566",3.08,1.01,0.67,0.36,0.06,0.05
"567",3.08,1.01,0.67,0.36,0.06,0.05
"568",3.08,1.01,0.67,0.36,0.06,0.05
"569",3.08,1.01,0.67,0.36,0.06,0.05
"570",3.08,1.01,0.67,0.36,0.06,0.05
"571",3.08,1.01,0.67,0.36,0.06,0.05
"572",3.08,1.01,0.67,0.36,0.06,0.05
"573",3.08,1.01,0.67,0.36,0.06,0.05
"574",3.08,1.01,0.67,0.36,0.06,0.05
"575",3.08,1.01,0.67,0.36,0.06,0.05
"576",3.08,1.01,0.67,0.36,0.06,0.05
"577",3.08,1.01,0.67,0.36,0.06,0.05
"578",3.08,1.01,0.67,0.36,0.06,0.05
"579",3.08,1.01,0.67,0.36,0.06,0.05
"580",3.08,1.01,0.67,0.36,0.06,0.05
"581",3.08,1.01,0.67,0.36,0.06,0.05
"582",3.08,1.01,0.67,0.36,0.06,0.05
"583",3.08,1.01,0.67,0.36,0.06,0.05
"584",3.08,1.01,0.67,0.36,0.06,0.05
"585",3.08,1.01,0.67,0.36,0.06,0.05
"586",3.08,1.01,0.67,0.36,0.06,0.05
"587",3.08,1.01,0.67,0.36,0.06,0.05
"588",3.08,1.01,0.67,0.36,0.06,0.05
"589",2.72,0.94,0.67,0.37,0.065,0.05
"590",2.72,0.94,0.67,0.37,0.065,0.05
"591",2.72,0.94,0.67,0.37,0.065,0.05
"592",2.72,0.94,0.67,0.37,0.065,0.05
"593",2.72,0.94,0.67,0.37,0.065,0.05
"594",2.72,0.94,0.67,0.37,0.065,0.05
"595",2.72,0.94,0.67,0.37,0.065,0.05
"596",2.72,0.94,0.67,0.37,0.065,0.05
"597",2.72,0.94,0.67,0.37,0.065,0.05
"598",2.72,0.94,0.67,0.37,0.065,0.05
"599",2.72,0.94,0.67,0.37,0.065,0.05
"600",2.72,0.94,0.67,0.37,0.065,0.05
"601",2.72,0.94,0.67,0.37,0.065,0.05
"602",2.72,0.94,0.67,0.37,0.065,0.05
"603",2.72,0.94,0.67,0.37,0.065,0.05
"604",2.72,0.94,0.67,0.37,0.065,0.05
"605",2.72,0.94,0.67,0.37,0.065,0.05
"606",2.72,0.94,0.67,0.37,0.065,0.05
"607",2.72,0.94,0.67,0.37,0.065,0.05
"608",2.72,0.94,0.67,0.37,0.065,0.05
"609",2.72,0.94,0.67,0.37,0.065,0.05
"610",2.72,0.94,0.67,0.37,0.065,0.05
"611",2.72,0.94,0.67,0.37,0.065,0.05
"612",2.72,0.94,0.67,0.37,0.065,0.05
"613",2.72,0.94,0.67,0.37,0.065,0.05
"614",2.72,0.94,0.67,0.37,0.065,0.05
"615",2.72,0.94,0.67,0.37,0.065,0.05
"616",2.72,0.94,0.67,0.37,0.065,0.05
"617",2.72,0.94,0.67,0.37,0.065,0.05
"618",2.72,0.94,0.67,0.37,0.065,0.05
"619",2.72,0.94,0.67,0.37,0.065,0.05
"620",2.72,0.94,0.67,0.37,0.065,0.05
"621",2.72,0.94,0.67,0.37,0.065,0.05
"622",2.72,0.94,0.67,0.37,0.065,0.05
"623",2.72,0.94,0.67,0.37,0.065,0.05
"624",2.72,0.94,0.67,0.37,0.065,0.05
"625",2.72,0.94,0.67,0.37,0.065,0.05
"626",2.72,0.94,0.67,0.37,0.065,0.05
"627",2.72,0.94,0.67,0.37,0.065,0.05
"628",2.72,0.94,0.67,0.37,0.065,0.05
"629",2.72,0.94,0.67,0.37,0.065,0.05
"630",2.72,0.94,0.67,0.37,0.065,0.05
"631",2.72,0.94,0.67,0.37,0.065,0.05
"632",2.72,0.94,0.67,0.37,0.065,0.05
"633",2.72,0.94,0.67,0.37,0.065,0.05
"634",2.72,0.94,0.67,0.37,0.065,0.05
"635",2.72,0.94,0.67,0.37,0.065,0.05
"636",2.72,0.94,0.67,0.37,0.065,0.05
"637",2.72,0.94,0.67,0.37,0.065,0.05
"638",2.4,0.88,0.66,0.37,0.07,0.05
"639",2.4,0.88,0.66,0.37,0.07,0.05
"640",2.4,0.88,0.66,0.37,0.07,0.05
"641",2.4,0.88,0.66,0.37,0.07,0.05
"642",2.4,0.88,0.66,0.37,0.07,0.05
"643",2.4,0.88,0.66,0.37,0.07,0.05
"644",2.4,0.88,0.66,0.37,0.07,0.05
"645",2.4,0.88,0.66,0.37,0.07,0.05
"646",2.4,0.88,0.66,0.37,0.07,0.05
"647",2.4,0.88,0.66,0.37,0.07,0.05
"648",2.4,0.88,0.66,0.37,0.07,0.05
"649",2.4,0.88,0.66,0.37,0.07,0.05
"650",2.4,0.88,0.66,0.37,0.07,0.05
"651",2.4,0.88,0.66,0.37,0.07,0.05
"652",2.4,0.88,0.66,0.37,0.07,0.05
"653",2.4,0.88,0.66,0.37,0.07,0.05
"654",2.4,0.88,0.66,0.37,0.07,0.05
"655",2.4,0.88,0.66,0.37,0.07,0.05
"656",2.4,0.88,0.66,0.37,0.07,0.05
"657",2.4,0.88,0.66,0.37,0.07,0.05
"658",2.4,0.88,0.66,0.37,0.07,0.05
"659",2.4,0.88,0.66,0.37,0.07,0.05
"660",2.4,0.88,0.66,0.37,0.07,0.05
"661",2.4,0.88,0.66,0.37,0.07,0.05
"662",2.4,0.88,0.66,0.37,0.07,0.05
"663",2.4,0.88,0.66,0.37,0.07,0.05
"664",2.4,0.88,0.66,0.37,0.07,0.05
"665",2.4,0.88,0.66,0.37,0.07,0.05
"666",2.4,0.88,0.66,0.37,0.07,0.05
"667",2.4,0.88,0.66,0.37,0.07,0.05
"668",2.4,0.88,0.66,0.37,0.07,0.05
"669",2.4,0.88,0.66,0.37,0.07,0.05
"670",2.4,0.88,0.66,0.37,0.07,0.05
"671",2.4,0.88,0.66,0.37,0.07,0.05
"672",2.4,0.88,0.66,0.37,0.07,0.05
"673",2.4,0.88,0.66,0.37,0.07,0.05
"674",2.4,0.88,0.66,0.37,0.07,0.05
"675",2.4,0.88,0.66,0.37,0.07,0.05
"676",2.4,0.88,0.66,0.37,0.07,0.05
"677",2.4,0.88,0.66,0.37,0.07,0.05
"678",2.4,0.88,0.66,0.37,0.07,0.05
"679",2.4,0.88,0.66,0.37,0.07,0.05
"680",2.4,0.88,0.66,0.37,0.07,0.05
"681",2.4,0.88,0.66,0.37,0.07,0.05
"682",2.4,0.88,0.66,0.37,0.07,0.05
"683",2.4,0.88,0.66,0.37,0.07,0.05
"684",2.4,0.88,0.66,0.37,0.07,0.05
"685",2.4,0.88,0.66,0.37,0.07,0.05
"686",2.4,0.88,0.66,0.37,0.07,0.05
"687",2.12,0.83,0.64,0.36,0.075,0.05
"688",2.12,0.83,0.64,0.36,0.075,0.05
"689",2.12,0.83,0.64,0.36,0.075,0.05
"690",2.12,0.83,0.64,0.36,0.075,0.05
"691",2.12,0.83,0.64,0.36,0.075,0.05
"692",2.12,0.83,0.64,0.36,0.075,0.05
"693",2.12,0.83,0.64,0.36,0.075,0.05
"694",2.12,0.83,0.64,0.36,0.075,0.05
"695",2.12,0.83,0.64,0.36,0.075,0.05
"696",2.12,0.83,0.64,0.36,0.075,0.05
"697",2.12,0.83,0.64,0.36,0.075,0.05
"698",2.12,0.83,0.64,0.36,0.075,0.05
"699",2.12,0.83,0.64,0.36,0.075,0.05
"700",2.12,0.83,0.64,0.36,0.075,0.05
"701",2.12,0.83,0.64,0.36,0.075,0.05
"702",2.12,0.83,0.64,0.36,0.075,0.05
"703",2.12,0.83,0.64,0.36,0.075,0.05
"704",2.12,0.83,0.64,0.36,0.075,0.05
"705",2.12,0.83,0.64,0.36,0.075,0.05
"706",2.12,0.83,0.64,0.36,0.075,0.05
"707",2.12,0.83,0.64,0.36,0.075,0.05
"708",2.12,0.83,0.64,0.36,0.075,0.05
"709",2.12,0.83,0.64,0.36,0.075,0.05
"710",2.12,0.83,0.64,0.36,0.075,0.05
"711",2.12,0.83,0.64,0.36,0.075,0.05
"712",2.12,0.83,0.64,0.36,0.075,0.05
"713",2.12,0.83,0.64,0.36,0.075,0.05
"714",2.12,0.83,0.64,0.36,0.075,0.05
"715",2.12,0.83,0.64,0.36,0.075,0.05
"716",2.12,0.83,0.64,0.36,0.075,0.05
"717",2.12,0.83,0.64,0.36,0.075,0.05
"718",2.12,0.83,0.64,0.36,0.075,0.05
"719",2.12,0.83,0.64,0.36,0.075,0.05
"720",2.12,0.83,0.64,0.36,0.075,0.05
"721",2.12,0.83,0.64,0.36,0.075,0.05
"722",2.12,0.83,0.64,0.36,0.075,0.05
"723",2.12,0.83,0.64,0.36,0.075,0.05
"724",2.12,0.83,0.64,0.36,0.075,0.05
"725",2.12,0.83,0.64,0.36,0.075,0.05
"726",2.12,0.83,0.64,0.36,0.075,0.05
"727",2.12,0.83,0.64,0.36,0.075,0.05
"728",2.12,0.83,0.64,0.36,0.075,0.05
"729",2.12,0.83,0.64,0.36,0.075,0.05
"730",2.12,0.83,0.64,0.36,0.075,0.05
"731",2.12,0.83,0.64,0.36,0.075,0.05
"732",2.12,0.83,0.64,0.36,0.075,0.05
"733",2.12,0.83,0.64,0.36,0.075,0.05
"734",2.12,0.83,0.64,0.36,0.075,0.05
"735",2.12,0.83,0.64,0.36,0.075,0.05
"736",1.87,0.78,0.61,0.34,0.08,0.05
"737",1.87,0.78,0.61,0.34,0.08,0.05
"738",1.87,0.78,0.61,0.34,0.08,0.05
"739",1.87,0.78,0.61,0.34,0.08,0.05
"740",1.87,0.78,0.61,0.34,0.08,0.05
"741",1.87,0.78,0.61,0.34,0.08,0.05
"742",1.87,0.78,0.61,0.34,0.08,0.05
"743",1.87,0.78,0.61,0.34,0.08,0.05
"744",1.87,0.78,0.61,0.34,0.08,0.05
"745",1.87,0.78,0.61,0.34,0.08,0.05
"746",1.87,0.78,0.61,0.34,0.08,0.05
"747",1.87,0.78,0.61,0.34,0.08,0.05
"748",1.87,0.78,0.61,0.34,0.08,0.05
"749",1.87,0.78,0.61,0.34,0.08,0.05
"750",1.87,0.78,0.61,0.34,0.08,0.05
"751",1.87,0.78,0.61,0.34,0.08,0.05
"752",1.87,0.78,0.61,0.34,0.08,0.05
"753",1.87,0.78,0.61,0.34,0.08,0.05
"754",1.87,0.78,0.61,0.34,0.08,0.05
"755",1.87,0.78,0.61,0.34,0.08,0.05
"756",1.87,0.78,0.61,0.34,0.08,0.05
"757",1.87,0.78,0.61,0.34,0.08,0.05
"758",1.87,0.78,0.61,0.34,0.08,0.05
"759",1.87,0.78,0.61,0.34,0.08,0.05
"760",1.87,0.78,0.61,0.34,0.08,0.05
"761",1.87,0.78,0.61,0.34,0.08,0.05
"762",1.87,0.78,0.61,0.34,0.08,0.05
"763",1.87,0.78,0.61,0.34,0.08,0.05
"764",1.87,0.78,0.61,0.34,0.08,0.05
"765",1.87,0.78,0.61,0.34,0.08,0.05
"766",1.87,0.78,0.61,0.34,0.08,0.05
"767",1.87,0.78,0.61,0.34,0.08,0.05
"768",1.87,0.78,0.61,0.34,0.08,0.05
"769",1.87,0.78,0.61,0.34,0.08,0.05
"770",1.87,0.78,0.61,0.34,0.08,0.05
"771",1.87,0.78,0.61,0.34,0.08,0.05
"772",1.87,0.78,0.61,0.34,0.08,0.05
"773",1.87,0.78,0.61,0.34,0.08,0.05
"774",1.87,0.78,0.61,0.34,0.08,0.05
"775",1.87,0.78,0.61,0.34,0.08,0.05
"776",1.87,0.78,0.61,0.34,0.08,0.05
"777",1.87,0.78,0.61,0.34,0.08,0.05
"778",1.87,0.78,0.61,0.34,0.08,0.05
"779",1.87,0.78,0.61,0.34,0.08,0.05
"780",1.87,0.78,0.61,0.34,0.08,0.05
"781",1.87,0.78,0.61,0.34,0.08,0.05
"782",1.87,0.78,0.61,0.34,0.08,0.05
"783",1.87,0.78,0.61,0.34,0.08,0.05
"784",1.87,0.78,0.61,0.34,0.08,0.05
"785",1.64,0.73,0.57,0.29,0.085,0.05
"786",1.64,0.73,0.57,0.29,0.085,0.05
"787",1.64,0.73,0.57,0.29,0.085,0.05
"788",1.64,0.73,0.57,0.29,0.085,0.05
"789",1.64,0.73,0.57,0.29,0.085,0.05
"790",1.64,0.73,0.57,0.29,0.085,0.05
"791",1.64,0.73,0.57,0.29,0.085,0.05
"792",1.64,0.73,0.57,0.29,0.085,0.05
"793",1.64,0.73,0.57,0.29,0.085,0.05
"794",1.64,0.73,0.57,0.29,0.085,0.05
"795",1.64,0.73,0.57,0.29,0.085,0.05
"796",1.64,0.73,0.57,0.29,0.085,0.05
"797",1.64,0.73,0.57,0.29,0.085,0.05
"798",1.64,0.73,0.57,0.29,0.085,0.05
"799",1.64,0.73,0.57,0.29,0.085,0.05
"800",1.64,0.73,0.57,0.29,0.085,0.05
"801",1.64,0.73,0.57,0.29,0.085,0.05
"802",1.64,0.73,0.57,0.29,0.085,0.05
"803",1.64,0.73,0.57,0.29,0.085,0.05
"804",1.64,0.73,0.57,0.29,0.085,0.05
"805",1.64,0.73,0.57,0.29,0.085,0.05
"806",1.64,0.73,0.57,0.29,0.085,0.05
"807",1.64,0.73,0.57,0.29,0.085,0.05
"808",1.64,0.73,0.57,0.29,0.085,0.05
"809",1.64,0.73,0.57,0.29,0.085,0.05
"810",1.64,0.73,0.57,0.29,0.085,0.05
"811",1.64,0.73,0.57,0.29,0.085,0.05
"812",1.64,0.73,0.57,0.29,0.085,0.05
"813",1.64,0.73,0.57,0.29,0.085,0.05
"814",1.64,0.73,0.57,0.29,0.085,0.05
"815",1.64,0.73,0.57,0.29,0.085,0.05
"816",1.64,0.73,0.57,0.29,0.085,0.05
"817",1.64,0.73,0.57,0.29,0.085,0.05
"818",1.64,0.73,0.57,0.29,0.085,0.05
"819",1.64,0.73,0.57,0.29,0.085,0.05
"820",1.64,0.73,0.57,0.29,0.085,0.05
"821",1.64,0.73,0.57,0.29,0.085,0.05
"822",1.64,0.73,0.57,0.29,0.085,0.05
"823",1.64,0.73,0.57,0.29,0.085,0.05
"824",1.64,0.73,0.57,0.29,0.085,0.05
"825",1.64,0.73,0.57,0.29,0.085,0.05
"826",1.64,0.73,0.57,0.29,0.085,0.05
"827",1.64,0.73,0.57,0.29,0.085,0.05
"828",1.64,0.73,0.57,0.29,0.085,0.05
"829",1.64,0.73,0.57,0.29,0.085,0.05
"830",1.64,0.73,0.57,0.29,0.085,0.05
"831",1.64,0.73,0.57,0.29,0.085,0.05
"832",1.64,0.73,0.57,0.29,0.085,0.05
"833",1.64,0.73,0.57,0.29,0.085,0.05
"834",1.43,0.67,0.53,0.25,0.09,0.05
"835",1.43,0.67,0.53,0.25,0.09,0.05
"836",1.43,0.67,0.53,0.25,0.09,0.05
"837",1.43,0.67,0.53,0.25,0.09,0.05
"838",1.43,0.67,0.53,0.25,0.09,0.05
"839",1.43,0.67,0.53,0.25,0.09,0.05
"840",1.43,0.67,0.53,0.25,0.09,0.05
"841",1.43,0.67,0.53,0.25,0.09,0.05
"842",1.43,0.67,0.53,0.25,0.09,0.05
"843",1.43,0.67,0.53,0.25,0.09,0.05
"844",1.43,0.67,0.53,0.25,0.09,0.05
"845",1.43,0.67,0.53,0.25,0.09,0.05
"846",1.43,0.67,0.53,0.25,0.09,0.05
"847",1.43,0.67,0.53,0.25,0.09,0.05
"848",1.43,0.67,0.53,0.25,0.09,0.05
"849",1.43,0.67,0.53,0.25,0.09,0.05
"850",1.43,0.67,0.53,0.25,0.09,0.05
"851",1.43,0.67,0.53,0.25,0.09,0.05
"852",1.43,0.67,0.53,0.25,0.09,0.05
"853",1.43,0.67,0.53,0.25,0.09,0.05
"854",1.43,0.67,0.53,0.25,0.09,0.05
"855",1.43,0.67,0.53,0.25,0.09,0.05
"856",1.43,0.67,0.53,0.25,0.09,0.05
"857",1.43,0.67,0.53,0.25,0.09,0.05
"858",1.43,0.67,0.53,0.25,0.09,0.05
"859",1.43,0.67,0.53,0.25,0.09,0.05
"860",1.43,0.67,0.53,0.25,0.09,0.05
"861",1.43,0.67,0.53,0.25,0.09,0.05
"862",1.43,0.67,0.53,0.25,0.09,0.05
"863",1.43,0.67,0.53,0.25,0.09,0.05
"864",1.43,0.67,0.53,0.25,0.09,0.05
"865",1.43,0.67,0.53,0.25,0.09,0.05
"866",1.43,0.67,0.53,0.25,0.09,0.05
"867",1.43,0.67,0.53,0.25,0.09,0.05
"868",1.43,0.67,0.53,0.25,0.09,0.05
"869",1.43,0.67,0.53,0.25,0.09,0.05
"870",1.43,0.67,0.53,0.25,0.09,0.05
"871",1.43,0.67,0.53,0.25,0.09,0.05
"872",1.43,0.67,0.53,0.25,0.09,0.05
"873",1.43,0.67,0.53,0.25,0.09,0.05
"874",1.43,0.67,0.53,0.25,0.09,0.05
"875",1.43,0.67,0.53,0.25,0.09,0.05
"876",1.43,0.67,0.53,0.25,0.09,0.05
"877",1.43,0.67,0.53,0.25,0.09,0.05
"878",1.43,0.67,0.53,0.25,0.09,0.05
"879",1.43,0.67,0.53,0.25,0.09,0.05
"880",1.43,0.67,0.53,0.25,0.09,0.05
"881",1.43,0.67,0.53,0.25,0.09,0.05
"882",1.43,0.67,0.53,0.25,0.09,0.05
"883",1.25,0.62,0.5,0.21,0.095,0.05
"884",1.25,0.62,0.5,0.21,0.095,0.05
"885",1.25,0.62,0.5,0.21,0.095,0.05
"886",1.25,0.62,0.5,0.21,0.095,0.05
"887",1.25,0.62,0.5,0.21,0.095,0.05
"888",1.25,0.62,0.5,0.21,0.095,0.05
"889",1.25,0.62,0.5,0.21,0.095,0.05
"890",1.25,0.62,0.5,0.21,0.095,0.05
"891",1.25,0.62,0.5,0.21,0.095,0.05
"892",1.25,0.62,0.5,0.21,0.095,0.05
"893",1.25,0.62,0.5,0.21,0.095,0.05
"894",1.25,0.62,0.5,0.21,0.095,0.05
"895",1.25,0.62,0.5,0.21,0.095,0.05
"896",1.25,0.62,0.5,0.21,0.095,0.05
"897",1.25,0.62,0.5,0.21,0.095,0.05
"898",1.25,0.62,0.5,0.21,0.095,0.05
"899",1.25,0.62,0.5,0.21,0.095,0.05
"900",1.25,0.62,0.5,0.21,0.095,0.05
"901",1.25,0.62,0.5,0.21,0.095,0.05
"902",1.25,0.62,0.5,0.21,0.095,0.05
"903",1.25,0.62,0.5,0.21,0.095,0.05
"904",1.25,0.62,0.5,0.21,0.095,0.05
"905",1.25,0.62,0.5,0.21,0.095,0.05
"906",1.25,0.62,0.5,0.21,0.095,0.05
"907",1.25,0.62,0.5,0.21,0.095,0.05
"908",1.25,0.62,0.5,0.21,0.095,0.05
"909",1.25,0.62,0.5,0.21,0.095,0.05
"910",1.25,0.62,0.5,0.21,0.095,0.05
"911",1.25,0.62,0.5,0.21,0.095,0.05
"912",1.25,0.62,0.5,0.21,0.095,0.05
"913",1.25,0.62,0.5,0.21,0.095,0.05
"914",1.25,0.62,0.5,0.21,0.095,0.05
"915",1.25,0.62,0.5,0.21,0.095,0.05
"916",1.25,0.62,0.5,0.21,0.095,0.05
"917",1.25,0.62,0.5,0.21,0.095,0.05
"918",1.25,0.62,0.5,0.21,0.095,0.05
"919",1.25,0.62,0.5,0.21,0.095,0.05
"920",1.25,0.62,0.5,0.21,0.095,0.05
"921",1.25,0.62,0.5,0.21,0.095,0.05
"922",1.25,0.62,0.5,0.21,0.095,0.05
"923",1.25,0.62,0.5,0.21,0.095,0.05
"924",1.25,0.62,0.5,0.21,0.095,0.05
"925",1.25,0.62,0.5,0.21,0.095,0.05
"926",1.25,0.62,0.5,0.21,0.095,0.05
"927",1.25,0.62,0.5,0.21,0.095,0.05
"928",1.25,0.62,0.5,0.21,0.095,0.05
"929",1.25,0.62,0.5,0.21,0.095,0.05
"930",1.25,0.62,0.5,0.21,0.095,0.05
"931",1.25,0.62,0.5,0.21,0.095,0.05
"932",1.08,0.56,0.45,0.18,0.1,0.05
"933",1.08,0.56,0.45,0.18,0.1,0.05
"934",1.08,0.56,0.45,0.18,0.1,0.05
"935",1.08,0.56,0.45,0.18,0.1,0.05
"936",1.08,0.56,0.45,0.18,0.1,0.05
"937",1.08,0.56,0.45,0.18,0.1,0.05
"938",1.08,0.56,0.45,0.18,0.1,0.05
"939",1.08,0.56,0.45,0.18,0.1,0.05
"940",1.08,0.56,0.45,0.18,0.1,0.05
"941",1.08,0.56,0.45,0.18,0.1,0.05
"942",1.08,0.56,0.45,0.18,0.1,0.05
"943",1.08,0.56,0.45,0.18,0.1,0.05
"944",1.08,0.56,0.45,0.18,0.1,0.05
"945",1.08,0.56,0.45,0.18,0.1,0.05
"946",1.08,0.56,0.45,0.18,0.1,0.05
"947",1.08,0.56,0.45,0.18,0.1,0.05
"948",1.08,0.56,0.45,0.18,0.1,0.05
"949",1.08,0.56,0.45,0.18,0.1,0.05
"950",1.08,0.56,0.45,0.18,0.1,0.05
"951",1.08,0.56,0.45,0.18,0.1,0.05
"952",1.08,0.56,0.45,0.18,0.1,0.05
"953",1.08,0.56,0.45,0.18,0.1,0.05
"954",1.08,0.56,0.45,0.18,0.1,0.05
"955",1.08,0.56,0.45,0.18,0.1,0.05
"956",1.08,0.56,0.45,0.18,0.1,0.05
"957",1.08,0.56,0.45,0.18,0.1,0.05
"958",1.08,0.56,0.45,0.18,0.1,0.05
"959",1.08,0.56,0.45,0.18,0.1,0.05
"960",1.08,0.56,0.45,0.18,0.1,0.05
"961",1.08,0.56,0.45,0.18,0.1,0.05
"962",1.08,0.56,0.45,0.18,0.1,0.05
"963",1.08,0.56,0.45,0.18,0.1,0.05
"964",1.08,0.56,0.45,0.18,0.1,0.05
"965",1.08,0.56,0.45,0.18,0.1,0.05
"966",1.08,0.56,0.45,0.18,0.1,0.05
"967",1.08,0.56,0.45,0.18,0.1,0.05
"968",1.08,0.56,0.45,0.18,0.1,0.05
"969",1.08,0.56,0.45,0.18,0.1,0.05
"970",1.08,0.56,0.45,0.18,0.1,0.05
"971",1.08,0.56,0.45,0.18,0.1,0.05
"972",1.08,0.56,0.45,0.18,0.1,0.05
"973",1.08,0.56,0.45,0.18,0.1,0.05
"974",1.08,0.56,0.45,0.18,0.1,0.05
"975",1.08,0.56,0.45,0.18,0.1,0.05
"976",1.08,0.56,0.45,0.18,0.1,0.05
"977",1.08,0.56,0.45,0.18,0.1,0.05
"978",1.08,0.56,0.45,0.18,0.1,0.05
"979",1.08,0.56,0.45,0.18,0.1,0.05
"980",1.08,0.56,0.45,0.18,0.1,0.05
"981",0.93,0.51,0.4,0.15,0.105,0.05
"982",0.93,0.51,0.4,0.15,0.105,0.05
"983",0.93,0.51,0.4,0.15,0.105,0.05
"984",0.93,0.51,0.4,0.15,0.105,0.05
"985",0.93,0.51,0.4,0.15,0.105,0.05
"986",0.93,0.51,0.4,0.15,0.105,0.05
"987",0.93,0.51,0.4,0.15,0.105,0.05
"988",0.93,0.51,0.4,0.15,0.105,0.05
"989",0.93,0.51,0.4,0.15,0.105,0.05
"990",0.93,0.51,0.4,0.15,0.105,0.05
"991",0.93,0.51,0.4,0.15,0.105,0.05
"992",0.93,0.51,0.4,0.15,0.105,0.05
"993",0.93,0.51,0.4,0.15,0.105,0.05
"994",0.93,0.51,0.4,0.15,0.105,0.05
"995",0.93,0.51,0.4,0.15,0.105,0.05
"996",0.93,0.51,0.4,0.15,0.105,0.05
"997",0.93,0.51,0.4,0.15,0.105,0.05
"998",0.93,0.51,0.4,0.15,0.105,0.05
"999",0.93,0.51,0.4,0.15,0.105,0.05
"1000",0.93,0.51,0.4,0.15,0.105,0.05
"1001",0.93,0.51,0.4,0.15,0.105,0.05
"1002",0.93,0.51,0.4,0.15,0.105,0.05
"1003",0.93,0.51,0.4,0.15,0.105,0.05
"1004",0.93,0.51,0.4,0.15,0.105,0.05
"1005",0.93,0.51,0.4,0.15,0.105,0.05
"1006",0.93,0.51,0.4,0.15,0.105,0.05
"1007",0.93,0.51,0.4,0.15,0.105,0.05
"1008",0.93,0.51,0.4,0.15,0.105,0.05
"1009",0.93,0.51,0.4,0.15,0.105,0.05
"1010",0.93,0.51,0.4,0.15,0.105,0.05
"1011",0.93,0.51,0.4,0.15,0.105,0.05
"1012",0.93,0.51,0.4,0.15,0.105,0.05
"1013",0.93,0.51,0.4,0.15,0.105,0.05
"1014",0.93,0.51,0.4,0.15,0.105,0.05
"1015",0.93,0.51,0.4,0.15,0.105,0.05
"1016",0.93,0.51,0.4,0.15,0.105,0.05
"1017",0.93,0.51,0.4,0.15,0.105,0.05
"1018",0.93,0.51,0.4,0.15,0.105,0.05
"1019",0.93,0.51,0.4,0.15,0.105,0.05
"1020",0.93,0.51,0.4,0.15,0.105,0.05
"1021",0.93,0.51,0.4,0.15,0.105,0.05
"1022",0.93,0.51,0.4,0.15,0.105,0.05
"1023",0.93,0.51,0.4,0.15,0.105,0.05
"1024",0.93,0.51,0.4,0.15,0.105,0.05
"1025",0.93,0.51,0.4,0.15,0.105,0.05
"1026",0.93,0.51,0.4,0.15,0.105,0.05
"1027",0.93,0.51,0.4,0.15,0.105,0.05
"1028",0.93,0.51,0.4,0.15,0.105,0.05
"1029",0.93,0.51,0.4,0.15,0.105,0.05
"1030",0.8,0.46,0.34,0.12,0.11,0.05
"1031",0.8,0.46,0.34,0.12,0.11,0.05
"1032",0.8,0.46,0.34,0.12,0.11,0.05
"1033",0.8,0.46,0.34,0.12,0.11,0.05
"1034",0.8,0.46,0.34,0.12,0.11,0.05
"1035",0.8,0.46,0.34,0.12,0.11,0.05
"1036",0.8,0.46,0.34,0.12,0.11,0.05
"1037",0.8,0.46,0.34,0.12,0.11,0.05
"1038",0.8,0.46,0.34,0.12,0.11,0.05
"1039",0.8,0.46,0.34,0.12,0.11,0.05
"1040",0.8,0.46,0.34,0.12,0.11,0.05
"1041",0.8,0.46,0.34,0.12,0.11,0.05
"1042",0.8,0.46,0.34,0.12,0.11,0.05
"1043",0.8,0.46,0.34,0.12,0.11,0.05
"1044",0.8,0.46,0.34,0.12,0.11,0.05
"1045",0.8,0.46,0.34,0.12,0.11,0.05
"1046",0.8,0.46,0.34,0.12,0.11,0.05
"1047",0.8,0.46,0.34,0.12,0.11,0.05
"1048",0.8,0.46,0.34,0.12,0.11,0.05
"1049",0.8,0.46,0.34,0.12,0.11,0.05
"1050",0.8,0.46,0.34,0.12,0.11,0.05
"1051",0.8,0.46,0.34,0.12,0.11,0.05
"1052",0.8,0.46,0.34,0.12,0.11,0.05
"1053",0.8,0.46,0.34,0.12,0.11,0.05
"1054",0.8,0.46,0.34,0.12,0.11,0.05
"1055",0.8,0.46,0.34,0.12,0.11,0.05
"1056",0.8,0.46,0.34,0.12,0.11,0.05
"1057",0.8,0.46,0.34,0.12,0.11,0.05
"1058",0.8,0.46,0.34,0.12,0.11,0.05
"1059",0.8,0.46,0.34,0.12,0.11,0.05
"1060",0.8,0.46,0.34,0.12,0.11,0.05
"1061",0.8,0.46,0.34,0.12,0.11,0.05
"1062",0.8,0.46,0.34,0.12,0.11,0.05
"1063",0.8,0.46,0.34,0.12,0.11,0.05
"1064",0.8,0.46,0.34,0.12,0.11,0.05
"1065",0.8,0.46,0.34,0.12,0.11,0.05
"1066",0.8,0.46,0.34,0.12,0.11,0.05
"1067",0.8,0.46,0.34,0.12,0.11,0.05
"1068",0.8,0.46,0.34,0.12,0.11,0.05
"1069",0.8,0.46,0.34,0.12,0.11,0.05
"1070",0.8,0.46,0.34,0.12,0.11,0.05
"1071",0.8,0.46,0.34,0.12,0.11,0.05
"1072",0.8,0.46,0.34,0.12,0.11,0.05
"1073",0.8,0.46,0.34,0.12,0.11,0.05
"1074",0.8,0.46,0.34,0.12,0.11,0.05
"1075",0.8,0.46,0.34,0.12,0.11,0.05
"1076",0.8,0.46,0.34,0.12,0.11,0.05
"1077",0.8,0.46,0.34,0.12,0.11,0.05
"1078",0.8,0.46,0.34,0.12,0.11,0.05
"1079",0.68,0.41,0.29,0.1,0.115,0.05
"1080",0.68,0.41,0.29,0.1,0.115,0.05
"1081",0.68,0.41,0.29,0.1,0.115,0.05
"1082",0.68,0.41,0.29,0.1,0.115,0.05
"1083",0.68,0.41,0.29,0.1,0.115,0.05
"1084",0.68,0.41,0.29,0.1,0.115,0.05
"1085",0.68,0.41,0.29,0.1,0.115,0.05
"1086",0.68,0.41,0.29,0.1,0.115,0.05
"1087",0.68,0.41,0.29,0.1,0.115,0.05
"1088",0.68,0.41,0.29,0.1,0.115,0.05
"1089",0.68,0.41,0.29,0.1,0.115,0.05
"1090",0.68,0.41,0.29,0.1,0.115,0.05
"1091",0.68,0.41,0.29,0.1,0.115,0.05
"1092",0.68,0.41,0.29,0.1,0.115,0.05
"1093",0.68,0.41,0.29,0.1,0.115,0.05
"1094",0.68,0.41,0.29,0.1,0.115,0.05
"1095",0.68,0.41,0.29,0.1,0.115,0.05
"1096",0.68,0.41,0.29,0.1,0.115,0.05
"1097",0.68,0.41,0.29,0.1,0.115,0.05
"1098",0.68,0.41,0.29,0.1,0.115,0.05
"1099",0.68,0.41,0.29,0.1,0.115,0.05
"1100",0.68,0.41,0.29,0.1,0.115,0.05
"1101",0.68,0.41,0.29,0.1,0.115,0.05
"1102",0.68,0.41,0.29,0.1,0.115,0.05
"1103",0.68,0.41,0.29,0.1,0.115,0.05
"1104",0.68,0.41,0.29,0.1,0.115,0.05
"1105",0.68,0.41,0.29,0.1,0.115,0.05
"1106",0.68,0.41,0.29,0.1,0.115,0.05
"1107",0.68,0.41,0.29,0.1,0.115,0.05
"1108",0.68,0.41,0.29,0.1,0.115,0.05
"1109",0.68,0.41,0.29,0.1,0.115,0.05
"1110",0.68,0.41,0.29,0.1,0.115,0.05
"1111",0.68,0.41,0.29,0.1,0.115,0.05
"1112",0.68,0.41,0.29,0.1,0.115,0.05
"1113",0.68,0.41,0.29,0.1,0.115,0.05
"1114",0.68,0.41,0.29,0.1,0.115,0.05
"1115",0.68,0.41,0.29,0.1,0.115,0.05
"1116",0.68,0.41,0.29,0.1,0.115,0.05
"1117",0.68,0.41,0.29,0.1,0.115,0.05
"1118",0.68,0.41,0.29,0.1,0.115,0.05
"1119",0.68,0.41,0.29,0.1,0.115,0.05
"1120",0.68,0.41,0.29,0.1,0.115,0.05
"1121",0.68,0.41,0.29,0.1,0.115,0.05
"1122",0.68,0.41,0.29,0.1,0.115,0.05
"1123",0.68,0.41,0.29,0.1,0.115,0.05
"1124",0.68,0.41,0.29,0.1,0.115,0.05
"1125",0.68,0.41,0.29,0.1,0.115,0.05
"1126",0.68,0.41,0.29,0.1,0.115,0.05
"1127",0.68,0.41,0.29,0.1,0.115,0.05
"1128",0.58,0.37,0.24,0.08,0.12,0.05
"1129",0.58,0.37,0.24,0.08,0.12,0.05
"1130",0.58,0.37,0.24,0.08,0.12,0.05
"1131",0.58,0.37,0.24,0.08,0.12,0.05
"1132",0.58,0.37,0.24,0.08,0.12,0.05
"1133",0.58,0.37,0.24,0.08,0.12,0.05
"1134",0.58,0.37,0.24,0.08,0.12,0.05
"1135",0.58,0.37,0.24,0.08,0.12,0.05
"1136",0.58,0.37,0.24,0.08,0.12,0.05
"1137",0.58,0.37,0.24,0.08,0.12,0.05
"1138",0.58,0.37,0.24,0.08,0.12,0.05
"1139",0.58,0.37,0.24,0.08,0.12,0.05
"1140",0.58,0.37,0.24,0.08,0.12,0.05
"1141",0.58,0.37,0.24,0.08,0.12,0.05
"1142",0.58,0.37,0.24,0.08,0.12,0.05
"1143",0.58,0.37,0.24,0.08,0.12,0.05
"1144",0.58,0.37,0.24,0.08,0.12,0.05
"1145",0.58,0.37,0.24,0.08,0.12,0.05
"1146",0.58,0.37,0.24,0.08,0.12,0.05
"1147",0.58,0.37,0.24,0.08,0.12,0.05
"1148",0.58,0.37,0.24,0.08,0.12,0.05
"1149",0.58,0.37,0.24,0.08,0.12,0.05
"1150",0.58,0.37,0.24,0.08,0.12,0.05
"1151",0.58,0.37,0.24,0.08,0.12,0.05
"1152",0.58,0.37,0.24,0.08,0.12,0.05
"1153",0.58,0.37,0.24,0.08,0.12,0.05
"1154",0.58,0.37,0.24,0.08,0.12,0.05
"1155",0.58,0.37,0.24,0.08,0.12,0.05
"1156",0.58,0.37,0.24,0.08,0.12,0.05
"1157",0.58,0.37,0.24,0.08,0.12,0.05
"1158",0.58,0.37,0.24,0.08,0.12,0.05
"1159",0.58,0.37,0.24,0.08,0.12,0.05
"1160",0.58,0.37,0.24,0.08,0.12,0.05
"1161",0.58,0.37,0.24,0.08,0.12,0.05
"1162",0.58,0.37,0.24,0.08,0.12,0.05
"1163",0.58,0.37,0.24,0.08,0.12,0.05
"1164",0.58,0.37,0.24,0.08,0.12,0.05
"1165",0.58,0.37,0.24,0.08,0.12,0.05
"1166",0.58,0.37,0.24,0.08,0.12,0.05
"1167",0.58,0.37,0.24,0.08,0.12,0.05
"1168",0.58,0.37,0.24,0.08,0.12,0.05
"1169",0.58,0.37,0.24,0.08,0.12,0.05
"1170",0.58,0.37,0.24,0.08,0.12,0.05
"1171",0.58,0.37,0.24,0.08,0.12,0.05
"1172",0.58,0.37,0.24,0.08,0.12,0.05
"1173",0.58,0.37,0.24,0.08,0.12,0.05
"1174",0.58,0.37,0.24,0.08,0.12,0.05
"1175",0.58,0.37,0.24,0.08,0.12,0.05
"1176",0.58,0.37,0.24,0.08,0.12,0.05
"1177",0.49,0.32,0.19,0.07,0.125,0.05
"1178",0.49,0.32,0.19,0.07,0.125,0.05
"1179",0.49,0.32,0.19,0.07,0.125,0.05
"1180",0.49,0.32,0.19,0.07,0.125,0.05
"1181",0.49,0.32,0.19,0.07,0.125,0.05
"1182",0.49,0.32,0.19,0.07,0.125,0.05
"1183",0.49,0.32,0.19,0.07,0.125,0.05
"1184",0.49,0.32,0.19,0.07,0.125,0.05
"1185",0.49,0.32,0.19,0.07,0.125,0.05
"1186",0.49,0.32,0.19,0.07,0.125,0.05
"1187",0.49,0.32,0.19,0.07,0.125,0.05
"1188",0.49,0.32,0.19,0.07,0.125,0.05
"1189",0.49,0.32,0.19,0.07,0.125,0.05
"1190",0.49,0.32,0.19,0.07,0.125,0.05
"1191",0.49,0.32,0.19,0.07,0.125,0.05
"1192",0.49,0.32,0.19,0.07,0.125,0.05
"1193",0.49,0.32,0.19,0.07,0.125,0.05
"1194",0.49,0.32,0.19,0.07,0.125,0.05
"1195",0.49,0.32,0.19,0.07,0.125,0.05
"1196",0.49,0.32,0.19,0.07,0.125,0.05
"1197",0.49,0.32,0.19,0.07,0.125,0.05
"1198",0.49,0.32,0.19,0.07,0.125,0.05
"1199",0.49,0.32,0.19,0.07,0.125,0.05
"1200",0.49,0.32,0.19,0.07,0.125,0.05
"1201",0.49,0.32,0.19,0.07,0.125,0.05
"1202",0.49,0.32,0.19,0.07,0.125,0.05
"1203",0.49,0.32,0.19,0.07,0.125,0.05
"1204",0.49,0.32,0.19,0.07,0.125,0.05
"1205",0.49,0.32,0.19,0.07,0.125,0.05
"1206",0.49,0.32,0.19,0.07,0.125,0.05
"1207",0.49,0.32,0.19,0.07,0.125,0.05
"1208",0.49,0.32,0.19,0.07,0.125,0.05
"1209",0.49,0.32,0.19,0.07,0.125,0.05
"1210",0.49,0.32,0.19,0.07,0.125,0.05
"1211",0.49,0.32,0.19,0.07,0.125,0.05
"1212",0.49,0.32,0.19,0.07,0.125,0.05
"1213",0.49,0.32,0.19,0.07,0.125,0.05
"1214",0.49,0.32,0.19,0.07,0.125,0.05
"1215",0.49,0.32,0.19,0.07,0.125,0.05
"1216",0.49,0.32,0.19,0.07,0.125,0.05
"1217",0.49,0.32,0.19,0.07,0.125,0.05
"1218",0.49,0.32,0.19,0.07,0.125,0.05
"1219",0.49,0.32,0.19,0.07,0.125,0.05
"1220",0.49,0.32,0.19,0.07,0.125,0.05
"1221",0.49,0.32,0.19,0.07,0.125,0.05
"1222",0.49,0.32,0.19,0.07,0.125,0.05
"1223",0.49,0.32,0.19,0.07,0.125,0.05
"1224",0.49,0.32,0.19,0.07,0.125,0.05
"1225",0.49,0.32,0.19,0.07,0.125,0.05
"1226",0.41,0.28,0.15,0.05,0.13,0.05
"1227",0.41,0.28,0.15,0.05,0.13,0.05
"1228",0.41,0.28,0.15,0.05,0.13,0.05
"1229",0.41,0.28,0.15,0.05,0.13,0.05
"1230",0.41,0.28,0.15,0.05,0.13,0.05
"1231",0.41,0.28,0.15,0.05,0.13,0.05
"1232",0.41,0.28,0.15,0.05,0.13,0.05
"1233",0.41,0.28,0.15,0.05,0.13,0.05
"1234",0.41,0.28,0.15,0.05,0.13,0.05
"1235",0.41,0.28,0.15,0.05,0.13,0.05
"1236",0.41,0.28,0.15,0.05,0.13,0.05
"1237",0.41,0.28,0.15,0.05,0.13,0.05
"1238",0.41,0.28,0.15,0.05,0.13,0.05
"1239",0.41,0.28,0.15,0.05,0.13,0.05
"1240",0.41,0.28,0.15,0.05,0.13,0.05
"1241",0.41,0.28,0.15,0.05,0.13,0.05
"1242",0.41,0.28,0.15,0.05,0.13,0.05
"1243",0.41,0.28,0.15,0.05,0.13,0.05
"1244",0.41,0.28,0.15,0.05,0.13,0.05
"1245",0.41,0.28,0.15,0.05,0.13,0.05
"1246",0.41,0.28,0.15,0.05,0.13,0.05
"1247",0.41,0.28,0.15,0.05,0.13,0.05
"1248",0.41,0.28,0.15,0.05,0.13,0.05
"1249",0.41,0.28,0.15,0.05,0.13,0.05
"1250",0.41,0.28,0.15,0.05,0.13,0.05
"1251",0.41,0.28,0.15,0.05,0.13,0.05
"1252",0.41,0.28,0.15,0.05,0.13,0.05
"1253",0.41,0.28,0.15,0.05,0.13,0.05
"1254",0.41,0.28,0.15,0.05,0.13,0.05
"1255",0.41,0.28,0.15,0.05,0.13,0.05
"1256",0.41,0.28,0.15,0.05,0.13,0.05
"1257",0.41,0.28,0.15,0.05,0.13,0.05
"1258",0.41,0.28,0.15,0.05,0.13,0.05
"1259",0.41,0.28,0.15,0.05,0.13,0.05
"1260",0.41,0.28,0.15,0.05,0.13,0.05
"1261",0.41,0.28,0.15,0.05,0.13,0.05
"1262",0.41,0.28,0.15,0.05,0.13,0.05
"1263",0.41,0.28,0.15,0.05,0.13,0.05
"1264",0.41,0.28,0.15,0.05,0.13,0.05
"1265",0.41,0.28,0.15,0.05,0.13,0.05
"1266",0.41,0.28,0.15,0.05,0.13,0.05
"1267",0.41,0.28,0.15,0.05,0.13,0.05
"1268",0.41,0.28,0.15,0.05,0.13,0.05
"1269",0.41,0.28,0.15,0.05,0.13,0.05
"1270",0.41,0.28,0.15,0.05,0.13,0.05
"1271",0.41,0.28,0.15,0.05,0.13,0.05
"1272",0.41,0.28,0.15,0.05,0.13,0.05
"1273",0.41,0.28,0.15,0.05,0.13,0.05
"1274",0.41,0.28,0.15,0.05,0.13,0.05
"1275",0.34,0.25,0.12,0.04,0.135,0.05
"1276",0.34,0.25,0.12,0.04,0.135,0.05
"1277",0.34,0.25,0.12,0.04,0.135,0.05
"1278",0.34,0.25,0.12,0.04,0.135,0.05
"1279",0.34,0.25,0.12,0.04,0.135,0.05
"1280",0.34,0.25,0.12,0.04,0.135,0.05
"1281",0.34,0.25,0.12,0.04,0.135,0.05
"1282",0.34,0.25,0.12,0.04,0.135,0.05
"1283",0.34,0.25,0.12,0.04,0.135,0.05
"1284",0.34,0.25,0.12,0.04,0.135,0.05
"1285",0.34,0.25,0.12,0.04,0.135,0.05
"1286",0.34,0.25,0.12,0.04,0.135,0.05
"1287",0.34,0.25,0.12,0.04,0.135,0.05
"1288",0.34,0.25,0.12,0.04,0.135,0.05
"1289",0.34,0.25,0.12,0.04,0.135,0.05
"1290",0.34,0.25,0.12,0.04,0.135,0.05
"1291",0.34,0.25,0.12,0.04,0.135,0.05
"1292",0.34,0.25,0.12,0.04,0.135,0.05
"1293",0.34,0.25,0.12,0.04,0.135,0.05
"1294",0.34,0.25,0.12,0.04,0.135,0.05
"1295",0.34,0.25,0.12,0.04,0.135,0.05
"1296",0.34,0.25,0.12,0.04,0.135,0.05
"1297",0.34,0.25,0.12,0.04,0.135,0.05
"1298",0.34,0.25,0.12,0.04,0.135,0.05
"1299",0.34,0.25,0.12,0.04,0.135,0.05
"1300",0.34,0.25,0.12,0.04,0.135,0.05
"1301",0.34,0.25,0.12,0.04,0.135,0.05
"1302",0.34,0.25,0.12,0.04,0.135,0.05
"1303",0.34,0.25,0.12,0.04,0.135,0.05
"1304",0.34,0.25,0.12,0.04,0.135,0.05
"1305",0.34,0.25,0.12,0.04,0.135,0.05
"1306",0.34,0.25,0.12,0.04,0.135,0.05
"1307",0.34,0.25,0.12,0.04,0.135,0.05
"1308",0.34,0.25,0.12,0.04,0.135,0.05
"1309",0.34,0.25,0.12,0.04,0.135,0.05
"1310",0.34,0.25,0.12,0.04,0.135,0.05
"1311",0.34,0.25,0.12,0.04,0.135,0.05
"1312",0.34,0.25,0.12,0.04,0.135,0.05
"1313",0.34,0.25,0.12,0.04,0.135,0.05
"1314",0.34,0.25,0.12,0.04,0.135,0.05
"1315",0.34,0.25,0.12,0.04,0.135,0.05
"1316",0.34,0.25,0.12,0.04,0.135,0.05
"1317",0.34,0.25,0.12,0.04,0.135,0.05
"1318",0.34,0.25,0.12,0.04,0.135,0.05
"1319",0.34,0.25,0.12,0.04,0.135,0.05
"1320",0.34,0.25,0.12,0.04,0.135,0.05
"1321",0.34,0.25,0.12,0.04,0.135,0.05
"1322",0.34,0.25,0.12,0.04,0.135,0.05
"1323",0.34,0.25,0.12,0.04,0.135,0.05
"1324",0.28,0.21,0.1,0.03,0.14,0.05
"1325",0.28,0.21,0.1,0.03,0.14,0.05
"1326",0.28,0.21,0.1,0.03,0.14,0.05
"1327",0.28,0.21,0.1,0.03,0.14,0.05
"1328",0.28,0.21,0.1,0.03,0.14,0.05
"1329",0.28,0.21,0.1,0.03,0.14,0.05
"1330",0.28,0.21,0.1,0.03,0.14,0.05
"1331",0.28,0.21,0.1,0.03,0.14,0.05
"1332",0.28,0.21,0.1,0.03,0.14,0.05
"1333",0.28,0.21,0.1,0.03,0.14,0.05
"1334",0.28,0.21,0.1,0.03,0.14,0.05
"1335",0.28,0.21,0.1,0.03,0.14,0.05
"1336",0.28,0.21,0.1,0.03,0.14,0.05
"1337",0.28,0.21,0.1,0.03,0.14,0.05
"1338",0.28,0.21,0.1,0.03,0.14,0.05
"1339",0.28,0.21,0.1,0.03,0.14,0.05
"1340",0.28,0.21,0.1,0.03,0.14,0.05
"1341",0.28,0.21,0.1,0.03,0.14,0.05
"1342",0.28,0.21,0.1,0.03,0.14,0.05
"1343",0.28,0.21,0.1,0.03,0.14,0.05
"1344",0.28,0.21,0.1,0.03,0.14,0.05
"1345",0.28,0.21,0.1,0.03,0.14,0.05
"1346",0.28,0.21,0.1,0.03,0.14,0.05
"1347",0.28,0.21,0.1,0.03,0.14,0.05
"1348",0.28,0.21,0.1,0.03,0.14,0.05
"1349",0.28,0.21,0.1,0.03,0.14,0.05
"1350",0.28,0.21,0.1,0.03,0.14,0.05
"1351",0.28,0.21,0.1,0.03,0.14,0.05
"1352",0.28,0.21,0.1,0.03,0.14,0.05
"1353",0.28,0.21,0.1,0.03,0.14,0.05
"1354",0.28,0.21,0.1,0.03,0.14,0.05
"1355",0.28,0.21,0.1,0.03,0.14,0.05
"1356",0.28,0.21,0.1,0.03,0.14,0.05
"1357",0.28,0.21,0.1,0.03,0.14,0.05
"1358",0.28,0.21,0.1,0.03,0.14,0.05
"1359",0.28,0.21,0.1,0.03,0.14,0.05
"1360",0.28,0.21,0.1,0.03,0.14,0.05
"1361",0.28,0.21,0.1,0.03,0.14,0.05
"1362",0.28,0.21,0.1,0.03,0.14,0.05
"1363",0.28,0.21,0.1,0.03,0.14,0.05
"1364",0.28,0.21,0.1,0.03,0.14,0.05
"1365",0.28,0.21,0.1,0.03,0.14,0.05
"1366",0.28,0.21,0.1,0.03,0.14,0.05
"1367",0.28,0.21,0.1,0.03,0.14,0.05
"1368",0.28,0.21,0.1,0.03,0.14,0.05
"1369",0.28,0.21,0.1,0.03,0.14,0.05
"1370",0.28,0.21,0.1,0.03,0.14,0.05
"1371",0.28,0.21,0.1,0.03,0.14,0.05
"1372",0.28,0.21,0.1,0.03,0.14,0.05
"1373",0.23,0.18,0.09,0.02,0.145,0.05
"1374",0.23,0.18,0.09,0.02,0.145,0.05
"1375",0.23,0.18,0.09,0.02,0.145,0.05
"1376",0.23,0.18,0.09,0.02,0.145,0.05
"1377",0.23,0.18,0.09,0.02,0.145,0.05
"1378",0.23,0.18,0.09,0.02,0.145,0.05
"1379",0.23,0.18,0.09,0.02,0.145,0.05
"1380",0.23,0.18,0.09,0.02,0.145,0.05
"1381",0.23,0.18,0.09,0.02,0.145,0.05
"1382",0.23,0.18,0.09,0.02,0.145,0.05
"1383",0.23,0.18,0.09,0.02,0.145,0.05
"1384",0.23,0.18,0.09,0.02,0.145,0.05
"1385",0.23,0.18,0.09,0.02,0.145,0.05
"1386",0.23,0.18,0.09,0.02,0.145,0.05
"1387",0.23,0.18,0.09,0.02,0.145,0.05
"1388",0.23,0.18,0.09,0.02,0.145,0.05
"1389",0.23,0.18,0.09,0.02,0.145,0.05
"1390",0.23,0.18,0.09,0.02,0.145,0.05
"1391",0.23,0.18,0.09,0.02,0.145,0.05
"1392",0.23,0.18,0.09,0.02,0.145,0.05
"1393",0.23,0.18,0.09,0.02,0.145,0.05
"1394",0.23,0.18,0.09,0.02,0.145,0.05
"1395",0.23,0.18,0.09,0.02,0.145,0.05
"1396",0.23,0.18,0.09,0.02,0.145,0.05
"1397",0.23,0.18,0.09,0.02,0.145,0.05
"1398",0.23,0.18,0.09,0.02,0.145,0.05
"1399",0.23,0.18,0.09,0.02,0.145,0.05
"1400",0.23,0.18,0.09,0.02,0.145,0.05
"1401",0.23,0.18,0.09,0.02,0.145,0.05
"1402",0.23,0.18,0.09,0.02,0.145,0.05
"1403",0.23,0.18,0.09,0.02,0.145,0.05
"1404",0.23,0.18,0.09,0.02,0.145,0.05
"1405",0.23,0.18,0.09,0.02,0.145,0.05
"1406",0.23,0.18,0.09,0.02,0.145,0.05
"1407",0.23,0.18,0.09,0.02,0.145,0.05
"1408",0.23,0.18,0.09,0.02,0.145,0.05
"1409",0.23,0.18,0.09,0.02,0.145,0.05
"1410",0.23,0.18,0.09,0.02,0.145,0.05
"1411",0.23,0.18,0.09,0.02,0.145,0.05
"1412",0.23,0.18,0.09,0.02,0.145,0.05
"1413",0.23,0.18,0.09,0.02,0.145,0.05
"1414",0.23,0.18,0.09,0.02,0.145,0.05
"1415",0.23,0.18,0.09,0.02,0.145,0.05
"1416",0.23,0.18,0.09,0.02,0.145,0.05
"1417",0.23,0.18,0.09,0.02,0.145,0.05
"1418",0.23,0.18,0.09,0.02,0.145,0.05
"1419",0.23,0.18,0.09,0.02,0.145,0.05
"1420",0.23,0.18,0.09,0.02,0.145,0.05
"1421",0.23,0.18,0.09,0.02,0.145,0.05
"1422",0.18,0.16,0.08,0.01,0.15,0.05
"1423",0.18,0.16,0.08,0.01,0.15,0.05
"1424",0.18,0.16,0.08,0.01,0.15,0.05
"1425",0.18,0.16,0.08,0.01,0.15,0.05
"1426",0.18,0.16,0.08,0.01,0.15,0.05
"1427",0.18,0.16,0.08,0.01,0.15,0.05
"1428",0.18,0.16,0.08,0.01,0.15,0.05
"1429",0.18,0.16,0.08,0.01,0.15,0.05
"1430",0.18,0.16,0.08,0.01,0.15,0.05
"1431",0.18,0.16,0.08,0.01,0.15,0.05
"1432",0.18,0.16,0.08,0.01,0.15,0.05
"1433",0.18,0.16,0.08,0.01,0.15,0.05
"1434",0.18,0.16,0.08,0.01,0.15,0.05
"1435",0.18,0.16,0.08,0.01,0.15,0.05
"1436",0.18,0.16,0.08,0.01,0.15,0.05
"1437",0.18,0.16,0.08,0.01,0.15,0.05
"1438",0.18,0.16,0.08,0.01,0.15,0.05
"1439",0.18,0.16,0.08,0.01,0.15,0.05
"1440",0.18,0.16,0.08,0.01,0.15,0.05
"1441",0.18,0.16,0.08,0.01,0.15,0.05
"1442",0.18,0.16,0.08,0.01,0.15,0.05
"1443",0.18,0.16,0.08,0.01,0.15,0.05
"1444",0.18,0.16,0.08,0.01,0.15,0.05
"1445",0.18,0.16,0.08,0.01,0.15,0.05
"1446",0.18,0.16,0.08,0.01,0.15,0.05
"1447",0.18,0.16,0.08,0.01,0.15,0.05
"1448",0.18,0.16,0.08,0.01,0.15,0.05
"1449",0.18,0.16,0.08,0.01,0.15,0.05
"1450",0.18,0.16,0.08,0.01,0.15,0.05
"1451",0.18,0.16,0.08,0.01,0.15,0.05
"1452",0.18,0.16,0.08,0.01,0.15,0.05
"1453",0.18,0.16,0.08,0.01,0.15,0.05
"1454",0.18,0.16,0.08,0.01,0.15,0.05
"1455",0.18,0.16,0.08,0.01,0.15,0.05
"1456",0.18,0.16,0.08,0.01,0.15,0.05
"1457",0.18,0.16,0.08,0.01,0.15,0.05
"1458",0.18,0.16,0.08,0.01,0.15,0.05
"1459",0.18,0.16,0.08,0.01,0.15,0.05
"1460",0.18,0.16,0.08,0.01,0.15,0.05
"1461",0.18,0.16,0.08,0.01,0.15,0.05
"1462",0.18,0.16,0.08,0.01,0.15,0.05
"1463",0.18,0.16,0.08,0.01,0.15,0.05
"1464",0.18,0.16,0.08,0.01,0.15,0.05
"1465",0.18,0.16,0.08,0.01,0.15,0.05
"1466",0.18,0.16,0.08,0.01,0.15,0.05
"1467",0.18,0.16,0.08,0.01,0.15,0.05
"1468",0.18,0.16,0.08,0.01,0.15,0.05
"1469",0.18,0.16,0.08,0.01,0.15,0.05
"1470",0.18,0.16,0.08,0.01,0.15,0.05
